origem;origem_sys_id;origem_nome;policy_sys_id;policy;variavel_sys_id;variavel;tipo;situacao_variavel;tratamento
item;046b58fc1bb71114d1abda4ce54bcbbc;Prorrogação de título;00dfb0b81b335114d1abda4ce54bcb0b;EY: Mandatory fields;4eada0bc1bfb1114d1abda4ce54bcbb4;v_attach_approval;acao;inativa;ação removida
item;0892543d1b2d2110a530426fe54bcb68;Estorno de Lançamento Contábil;7d51ff161bed2990d1abda4ce54bcb87;EY: Show Multirow VS - Natura or TBS;3609d1021b69a110a530426fe54bcbdc;;acao;apagada;policy removida (todas as ações quebradas)
item;0892543d1b2d2110a530426fe54bcb68;Estorno de Lançamento Contábil;ccd5e282877d9210ec360e530cbb35da;EY: Show VS Avon Latam Multirow;5702d5c21b29a110a530426fe54bcbae;;acao;apagada;policy removida (todas as ações quebradas)
item;0892543d1b2d2110a530426fe54bcb68;Estorno de Lançamento Contábil;e1cea46a1b296990d1abda4ce54bcbf4;EY: Read-Only;5702d5c21b29a110a530426fe54bcbae;;acao;apagada;ação removida
item;0892543d1b2d2110a530426fe54bcb68;Estorno de Lançamento Contábil;e1cea46a1b296990d1abda4ce54bcbf4;EY: Read-Only;3609d1021b69a110a530426fe54bcbdc;;acao;apagada;ação removida
item;0af68d3f1b7cf510a530426fe54bcb35;Remessa para Conserto;a7f9197b1b303910a530426fe54bcb0c;EY: Mandatory items;327dcec01bcd7910a530426fe54bcb24;;acao;apagada;ação removida
item;0d09683e1bada510a530426fe54bcbdd;Ex Colaboradores ou Colaboradores Afastados;6469c9761ba1e510a530426fe54bcba1;EY: If maternity;849a74ba1b21e510a530426fe54bcbf4;v_text_lic_mat;acao;inativa;policy removida (todas as ações quebradas)
item;0d09683e1bada510a530426fe54bcbdd;Ex Colaboradores ou Colaboradores Afastados;6469c9761ba1e510a530426fe54bcba1;EY: If maternity;245ab87a1b21e510a530426fe54bcb61;v_download_lic_mat;acao;inativa;policy removida (todas as ações quebradas)
item;0d09683e1bada510a530426fe54bcbdd;Ex Colaboradores ou Colaboradores Afastados;f8d989b61ba1e510a530426fe54bcbc5;EY: If paternity;68cabcba1b21e510a530426fe54bcbbd;v_download_lic_pat;acao;inativa;policy removida (todas as ações quebradas)
item;0d09683e1bada510a530426fe54bcbdd;Ex Colaboradores ou Colaboradores Afastados;f8d989b61ba1e510a530426fe54bcbc5;EY: If paternity;cb2bb8fa1b21e510a530426fe54bcbd9;v_text_lic_pat;acao;inativa;policy removida (todas as ações quebradas)
item;0d5a7420874f3a10017d65790cbb354e;Treinamentos Normativos;9f2235648707ba10017d65790cbb35cd;EY: Multirow One to Many;e429096887477a10017d65790cbb35ae;;acao;apagada;ação removida
item;0d5a7420874f3a10017d65790cbb354e;Treinamentos Normativos;ec13bd688707ba10017d65790cbb35a0;EY: Multirow Many to Many;778c8dac87877a10017d65790cbb35dd;;acao;apagada;policy removida (todas as ações quebradas)
item;0d5a7420874f3a10017d65790cbb354e;Treinamentos Normativos;f63475208747ba10017d65790cbb3599;EY: Request is Mapping;392a81ec87477a10017d65790cbb354b;map_several_trainings_multiple_employees;acao;inativa;ação removida
item;18ac98eb3bb30250924d0247f4e45ac5;"Dúvidas, consultas, reclamações ou sugestões sobre licenças";3d559da33bfb0250924d0247f4e45a1c;EY: Hide fields if employee is me;42d3156f3bbb0250924d0247f4e45a90;why_are_you_opening_on_behalf_of;acao;inativa;ação removida
item;1b13e0591bdfb010d1abda4ce54bcb2b;Solicitação de Licença Maternidade;04ebbdae1b7f3410d1abda4ce54bcbe2;"ACN: If the field ""the child was born"" is ""no"" and the field ""is the medical certificate for absence or maternity leave?"" is ""absence"", the rest of the fields are hidden.";f961db311b9f3010a530426fe54bcb2b;keep_form_complete_part2;acao;inativa;ação removida
item;1b13e0591bdfb010d1abda4ce54bcb2b;Solicitação de Licença Maternidade;04ebbdae1b7f3410d1abda4ce54bcbe2;"ACN: If the field ""the child was born"" is ""no"" and the field ""is the medical certificate for absence or maternity leave?"" is ""absence"", the rest of the fields are hidden.";db69fc991b13f010d1abda4ce54bcbfd;type_maternity_leave;acao;inativa;ação removida
item;1b13e0591bdfb010d1abda4ce54bcb2b;Solicitação de Licença Maternidade;04ebbdae1b7f3410d1abda4ce54bcbe2;"ACN: If the field ""the child was born"" is ""no"" and the field ""is the medical certificate for absence or maternity leave?"" is ""absence"", the rest of the fields are hidden.";8896b4991b13f010d1abda4ce54bcb61;certificate_absence_maternity_leave;condicao;inativa;pendência humana
item;1b13e0591bdfb010d1abda4ce54bcb2b;Solicitação de Licença Maternidade;0558723b1ba90510d1abda4ce54bcb6a;ACN - vacations_end_your_maternity_leave is YES;cd1ebcdd1b13f010d1abda4ce54bcba4;amount_of_days;acao;inativa;policy removida (todas as ações quebradas)
item;1b13e0591bdfb010d1abda4ce54bcb2b;Solicitação de Licença Maternidade;06cd9aaf1bdbb010a530426fe54bcbb5;"ACN: Show ""Msg  attach judicial custody"" field when ""What type of maternity leave?"" field is ""Maternity Leave by Adoption""";db69fc991b13f010d1abda4ce54bcbfd;type_maternity_leave;condicao;inativa;pendência humana
item;1b13e0591bdfb010d1abda4ce54bcb2b;Solicitação de Licença Maternidade;1fd9fe491bb24290d1abda4ce54bcb39;"ACN: Show fields when ""If the child is not yet born, just select No."" field is ""Yes"" AND ""Dependent health care"" is ""Yes"" OR ""Dependent dental care"" is ""Yes"" 2";deead1d11b93f010d1abda4ce54bcb8d;full_name_new_dependent;acao;inativa;ação removida
item;1b13e0591bdfb010d1abda4ce54bcb2b;Solicitação de Licença Maternidade;1fd9fe491bb24290d1abda4ce54bcb39;"ACN: Show fields when ""If the child is not yet born, just select No."" field is ""Yes"" AND ""Dependent health care"" is ""Yes"" OR ""Dependent dental care"" is ""Yes"" 2";d3cd91951b93f010d1abda4ce54bcb86;birth_date_;acao;inativa;ação removida
item;1b13e0591bdfb010d1abda4ce54bcb2b;Solicitação de Licença Maternidade;1fd9fe491bb24290d1abda4ce54bcb39;"ACN: Show fields when ""If the child is not yet born, just select No."" field is ""Yes"" AND ""Dependent health care"" is ""Yes"" OR ""Dependent dental care"" is ""Yes"" 2";f60c91151b93f010d1abda4ce54bcb1e;ssn_new_dependent;acao;inativa;ação removida
item;1b13e0591bdfb010d1abda4ce54bcb2b;Solicitação de Licença Maternidade;1fd9fe491bb24290d1abda4ce54bcb39;"ACN: Show fields when ""If the child is not yet born, just select No."" field is ""Yes"" AND ""Dependent health care"" is ""Yes"" OR ""Dependent dental care"" is ""Yes"" 2";91ce59951b93f010d1abda4ce54bcb22;declare_co_payment;acao;inativa;ação removida
item;1b13e0591bdfb010d1abda4ce54bcb2b;Solicitação de Licença Maternidade;1fd9fe491bb24290d1abda4ce54bcb39;"ACN: Show fields when ""If the child is not yet born, just select No."" field is ""Yes"" AND ""Dependent health care"" is ""Yes"" OR ""Dependent dental care"" is ""Yes"" 2";6eec55551b93f010d1abda4ce54bcb65;gender_new_dependent;acao;inativa;ação removida
item;1b13e0591bdfb010d1abda4ce54bcb2b;Solicitação de Licença Maternidade;1fd9fe491bb24290d1abda4ce54bcb39;"ACN: Show fields when ""If the child is not yet born, just select No."" field is ""Yes"" AND ""Dependent health care"" is ""Yes"" OR ""Dependent dental care"" is ""Yes"" 2";866e19951b93f010d1abda4ce54bcb04;alive_birth_certificate;acao;inativa;ação removida
item;1b13e0591bdfb010d1abda4ce54bcb2b;Solicitação de Licença Maternidade;1fd9fe491bb24290d1abda4ce54bcb39;"ACN: Show fields when ""If the child is not yet born, just select No."" field is ""Yes"" AND ""Dependent health care"" is ""Yes"" OR ""Dependent dental care"" is ""Yes"" 2";5f95dd9d1b53f010d1abda4ce54bcb81;new_dependent_health_care;condicao;inativa;pendência humana
item;1b13e0591bdfb010d1abda4ce54bcb2b;Solicitação de Licença Maternidade;2d5abbfb1be14510d1abda4ce54bcbfd;ACN - type_maternity_leave is Maternity Leave;db69fc991b13f010d1abda4ce54bcbfd;type_maternity_leave;condicao;inativa;pendência humana
item;1b13e0591bdfb010d1abda4ce54bcb2b;Solicitação de Licença Maternidade;2dcc7bb31b254510d1abda4ce54bcb2e;"ACN - has_the_child_been_born is not None , certificate_absence_maternity_leave is  show and mandatory";8896b4991b13f010d1abda4ce54bcb61;certificate_absence_maternity_leave;acao;inativa;policy removida (todas as ações quebradas)
item;1b13e0591bdfb010d1abda4ce54bcb2b;Solicitação de Licença Maternidade;46c4f6ff1b690510d1abda4ce54bcb01;"ACN - certificate_absence_maternity_leave is ""Maternity Leave""";db69fc991b13f010d1abda4ce54bcbfd;type_maternity_leave;acao;inativa;ação removida
item;1b13e0591bdfb010d1abda4ce54bcb2b;Solicitação de Licença Maternidade;46c4f6ff1b690510d1abda4ce54bcb01;"ACN - certificate_absence_maternity_leave is ""Maternity Leave""";8896b4991b13f010d1abda4ce54bcb61;certificate_absence_maternity_leave;condicao;inativa;pendência humana
item;1b13e0591bdfb010d1abda4ce54bcb2b;Solicitação de Licença Maternidade;5c8fd6231b1fb010a530426fe54bcb97;"ACN: Show fields when ""If the child is not yet born, just select No."" field is ""Yes""";dba0a9d51b93f010d1abda4ce54bcbea;msg_family_salary;acao;inativa;ação removida
item;1b13e0591bdfb010d1abda4ce54bcb2b;Solicitação de Licença Maternidade;5c8fd6231b1fb010a530426fe54bcb97;"ACN: Show fields when ""If the child is not yet born, just select No."" field is ""Yes""";f281a9191b93f010d1abda4ce54bcb8c;add_new_dependent;acao;inativa;ação removida
item;1b13e0591bdfb010d1abda4ce54bcb2b;Solicitação de Licença Maternidade;5c8fd6231b1fb010a530426fe54bcb97;"ACN: Show fields when ""If the child is not yet born, just select No."" field is ""Yes""";36e0faa11b533010d1abda4ce54bcb3e;term_responsability_part2;acao;inativa;ação removida
item;1b13e0591bdfb010d1abda4ce54bcb2b;Solicitação de Licença Maternidade;5c8fd6231b1fb010a530426fe54bcb97;"ACN: Show fields when ""If the child is not yet born, just select No."" field is ""Yes""";59ff15d51b93f010d1abda4ce54bcbf7;birth_certificate_new_dependent;acao;inativa;ação removida
item;1b13e0591bdfb010d1abda4ce54bcb2b;Solicitação de Licença Maternidade;5c8fd6231b1fb010a530426fe54bcb97;"ACN: Show fields when ""If the child is not yet born, just select No."" field is ""Yes""";b045599d1b53f010d1abda4ce54bcb5d;new_dependent_income_tax;acao;inativa;ação removida
item;1b13e0591bdfb010d1abda4ce54bcb2b;Solicitação de Licença Maternidade;5c8fd6231b1fb010a530426fe54bcb97;"ACN: Show fields when ""If the child is not yet born, just select No."" field is ""Yes""";5f95dd9d1b53f010d1abda4ce54bcb81;new_dependent_health_care;acao;inativa;ação removida
item;1b13e0591bdfb010d1abda4ce54bcb2b;Solicitação de Licença Maternidade;5c8fd6231b1fb010a530426fe54bcb97;"ACN: Show fields when ""If the child is not yet born, just select No."" field is ""Yes""";c22076a11b533010d1abda4ce54bcb02;term_responsability;acao;inativa;ação removida
item;1b13e0591bdfb010d1abda4ce54bcb2b;Solicitação de Licença Maternidade;6153a7b31b214510d1abda4ce54bcb29;ACN - has_the_child_been_born is YES;b045599d1b53f010d1abda4ce54bcb5d;new_dependent_income_tax;acao;inativa;ação removida
item;1b13e0591bdfb010d1abda4ce54bcb2b;Solicitação de Licença Maternidade;6153a7b31b214510d1abda4ce54bcb29;ACN - has_the_child_been_born is YES;5f95dd9d1b53f010d1abda4ce54bcb81;new_dependent_health_care;acao;inativa;ação removida
item;1b13e0591bdfb010d1abda4ce54bcb2b;Solicitação de Licença Maternidade;6153a7b31b214510d1abda4ce54bcb29;ACN - has_the_child_been_born is YES;af9089111b53f010d1abda4ce54bcbb4;msg_continue_decision_keep_form;acao;inativa;ação removida
item;1b13e0591bdfb010d1abda4ce54bcb2b;Solicitação de Licença Maternidade;890561a187cbfe50ec360e530cbb3503;"EY: If ""Has the child been born"" is ""No""";866e19951b93f010d1abda4ce54bcb04;alive_birth_certificate;acao;inativa;ação removida
item;1b13e0591bdfb010d1abda4ce54bcb2b;Solicitação de Licença Maternidade;890561a187cbfe50ec360e530cbb3503;"EY: If ""Has the child been born"" is ""No""";acc8c11d87608710ec360e530cbb35e9;;acao;apagada;ação removida
item;1b13e0591bdfb010d1abda4ce54bcb2b;Solicitação de Licença Maternidade;9c9f2cb71b198510a530426fe54bcb49;"ACN If eligibilities_informative is yes and Health or dental care ir yes, elegibility is show";5659d1691b000510d1abda4ce54bcb2f;;acao;apagada;policy removida (todas as ações quebradas)
item;1b13e0591bdfb010d1abda4ce54bcb2b;Solicitação de Licença Maternidade;9c9f2cb71b198510a530426fe54bcb49;"ACN If eligibilities_informative is yes and Health or dental care ir yes, elegibility is show";866e19951b93f010d1abda4ce54bcb04;alive_birth_certificate;condicao;inativa;policy removida (todas as ações quebradas)
item;1b13e0591bdfb010d1abda4ce54bcb2b;Solicitação de Licença Maternidade;9c9f2cb71b198510a530426fe54bcb49;"ACN If eligibilities_informative is yes and Health or dental care ir yes, elegibility is show";866e19951b93f010d1abda4ce54bcb04;alive_birth_certificate;condicao;inativa;policy removida (todas as ações quebradas)
item;1b13e0591bdfb010d1abda4ce54bcb2b;Solicitação de Licença Maternidade;cc5b1bb133240b9498331c07ee5c7bd0;"Aoop: Show  If eligibilities_informative is yes and Health or dental care ir yes, elegibility is show - Resolver view";5659d1691b000510d1abda4ce54bcb2f;;acao;apagada;policy removida (todas as ações quebradas)
item;1b13e0591bdfb010d1abda4ce54bcb2b;Solicitação de Licença Maternidade;cc5b1bb133240b9498331c07ee5c7bd0;"Aoop: Show  If eligibilities_informative is yes and Health or dental care ir yes, elegibility is show - Resolver view";866e19951b93f010d1abda4ce54bcb04;alive_birth_certificate;condicao;inativa;policy removida (todas as ações quebradas)
item;1b13e0591bdfb010d1abda4ce54bcb2b;Solicitação de Licença Maternidade;cc5b1bb133240b9498331c07ee5c7bd0;"Aoop: Show  If eligibilities_informative is yes and Health or dental care ir yes, elegibility is show - Resolver view";866e19951b93f010d1abda4ce54bcb04;alive_birth_certificate;condicao;inativa;policy removida (todas as ações quebradas)
item;1b13e0591bdfb010d1abda4ce54bcb2b;Solicitação de Licença Maternidade;d0f4fee53328079498331c07ee5c7b26;Aoop: Resolver view  Child has been born;866e19951b93f010d1abda4ce54bcb04;alive_birth_certificate;acao;inativa;ação removida
item;1b13e0591bdfb010d1abda4ce54bcb2b;Solicitação de Licença Maternidade;d0f4fee53328079498331c07ee5c7b26;Aoop: Resolver view  Child has been born;acc8c11d87608710ec360e530cbb35e9;;acao;apagada;ação removida
item;1b13e0591bdfb010d1abda4ce54bcb2b;Solicitação de Licença Maternidade;e5a6364d1b724290d1abda4ce54bcbd6;EY: Mandatory fields 2;f281a9191b93f010d1abda4ce54bcb8c;add_new_dependent;acao;inativa;ação removida
item;1b13e0591bdfb010d1abda4ce54bcb2b;Solicitação de Licença Maternidade;e5a6364d1b724290d1abda4ce54bcbd6;EY: Mandatory fields 2;6eec55551b93f010d1abda4ce54bcb65;gender_new_dependent;acao;inativa;ação removida
item;1b13e0591bdfb010d1abda4ce54bcb2b;Solicitação de Licença Maternidade;e5a6364d1b724290d1abda4ce54bcbd6;EY: Mandatory fields 2;db69fc991b13f010d1abda4ce54bcbfd;type_maternity_leave;acao;inativa;ação removida
item;1b13e0591bdfb010d1abda4ce54bcb2b;Solicitação de Licença Maternidade;ed8fac9d1b858110d1abda4ce54bcb10;"ACN: if  has_the_child_been_born is no and certificate_absence_maternity_leave is Absense, the mensage select_managment is show";e3bc68d91b858110d1abda4ce54bcb09;select_management;acao;inativa;policy removida (todas as ações quebradas)
item;1b13e0591bdfb010d1abda4ce54bcb2b;Solicitação de Licença Maternidade;ed8fac9d1b858110d1abda4ce54bcb10;"ACN: if  has_the_child_been_born is no and certificate_absence_maternity_leave is Absense, the mensage select_managment is show";8896b4991b13f010d1abda4ce54bcb61;certificate_absence_maternity_leave;condicao;inativa;policy removida (todas as ações quebradas)
item;1b13e0591bdfb010d1abda4ce54bcb2b;Solicitação de Licença Maternidade;fba77a011bb24290d1abda4ce54bcb2e;"ACN: has_the_child_been_born Is ""NO"" 2";f961db311b9f3010a530426fe54bcb2b;keep_form_complete_part2;acao;inativa;policy removida (todas as ações quebradas)
item;1b13e0591bdfb010d1abda4ce54bcb2b;Solicitação de Licença Maternidade;fba77a011bb24290d1abda4ce54bcb2e;"ACN: has_the_child_been_born Is ""NO"" 2";8896b4991b13f010d1abda4ce54bcb61;certificate_absence_maternity_leave;condicao;inativa;policy removida (todas as ações quebradas)
item;1b4c8d151b5da118d1abda4ce54bcb4b;Solicitação de acesso ao portal GED;b1b2291d1b55e118d1abda4ce54bcb18;EY: Mandatory Fields in Service Portal - Model User Mirror = No;3b3e51511b15e118d1abda4ce54bcb0a;requested_island;acao;inativa;ação removida
item;1ccb68a91bdf0a10d1abda4ce54bcb5c;Consulta de Fornecedores;17ebace91bdf0a10d1abda4ce54bcb27;valor do pagamento / data do pagamento visible ;f050d9611b5de510a530426fe54bcbe4;;acao;apagada;policy removida (todas as ações quebradas)
item;1ccb68a91bdf0a10d1abda4ce54bcb5c;Consulta de Fornecedores;17ebace91bdf0a10d1abda4ce54bcb27;valor do pagamento / data do pagamento visible ;7bef8ded1b1de510a530426fe54bcb35;;acao;apagada;policy removida (todas as ações quebradas)
item;1ccb68a91bdf0a10d1abda4ce54bcb5c;Consulta de Fornecedores;17ebace91bdf0a10d1abda4ce54bcb27;valor do pagamento / data do pagamento visible ;3dbe05a91b1de510a530426fe54bcba4;;condicao;apagada;policy removida (todas as ações quebradas)
item;1ccb68a91bdf0a10d1abda4ce54bcb5c;Consulta de Fornecedores;1aebe8e91bdf0a10d1abda4ce54bcb17;3 Número de registro;28db20e91bdf0a10d1abda4ce54bcbdd;Regis3;acao;inativa;policy removida (todas as ações quebradas)
item;1ccb68a91bdf0a10d1abda4ce54bcb5c;Consulta de Fornecedores;1cebe4e91bdf0a10d1abda4ce54bcb61;EY: Informaçoes Adicionais Visible;8cc1d1e11b5de510a530426fe54bcb04;v_additional_information;set_nao_usado;set_nao_usado;ação removida
item;1ccb68a91bdf0a10d1abda4ce54bcb5c;Consulta de Fornecedores;7fdba4e91bdf0a10d1abda4ce54bcb81;Variaveis Obrigatorias ;2dcbe8a91bdf0a10d1abda4ce54bcbd8;v_buying_company;acao;inativa;ação removida
item;1ccb68a91bdf0a10d1abda4ce54bcb5c;Consulta de Fornecedores;7fdba4e91bdf0a10d1abda4ce54bcb81;Variaveis Obrigatorias ;e36bc9ad1bd9e510a530426fe54bcb00;;acao;apagada;ação removida
item;1ccb68a91bdf0a10d1abda4ce54bcb5c;Consulta de Fornecedores;7fdba4e91bdf0a10d1abda4ce54bcb81;Variaveis Obrigatorias ;70973e791b5f0e10d1abda4ce54bcb6d;v_invoice_send_date;acao;inativa;ação removida
item;1ccb68a91bdf0a10d1abda4ce54bcb5c;Consulta de Fornecedores;7fdba4e91bdf0a10d1abda4ce54bcb81;Variaveis Obrigatorias ;c6dbe0e91bdf0a10d1abda4ce54bcb40;v_your_e_mail;acao;inativa;ação removida
item;1ccb68a91bdf0a10d1abda4ce54bcb5c;Consulta de Fornecedores;7fdba4e91bdf0a10d1abda4ce54bcb81;Variaveis Obrigatorias ;5ecb6ca91bdf0a10d1abda4ce54bcb34;v_your_fiscal_id;acao;inativa;ação removida
item;1ccb68a91bdf0a10d1abda4ce54bcb5c;Consulta de Fornecedores;7fdba4e91bdf0a10d1abda4ce54bcb81;Variaveis Obrigatorias ;c6dbe0e91bdf0a10d1abda4ce54bcb40;v_your_e_mail;acao;inativa;ação removida
item;1ccb68a91bdf0a10d1abda4ce54bcb5c;Consulta de Fornecedores;7fdba4e91bdf0a10d1abda4ce54bcb81;Variaveis Obrigatorias ;39cb2ca91bdf0a10d1abda4ce54bcb61;v_vendor_s_name;acao;inativa;ação removida
item;1ccb68a91bdf0a10d1abda4ce54bcb5c;Consulta de Fornecedores;7fdba4e91bdf0a10d1abda4ce54bcb81;Variaveis Obrigatorias ;e8db20e91bdf0a10d1abda4ce54bcbaa;v_buying_company_id;acao;inativa;ação removida
item;1ccb68a91bdf0a10d1abda4ce54bcb5c;Consulta de Fornecedores;7fdba4e91bdf0a10d1abda4ce54bcb81;Variaveis Obrigatorias ;d0373ef51b5f0e10d1abda4ce54bcb0f;v_invoice_issuance_date;acao;inativa;ação removida
item;1ccb68a91bdf0a10d1abda4ce54bcb5c;Consulta de Fornecedores;7fdba4e91bdf0a10d1abda4ce54bcb81;Variaveis Obrigatorias ;18db20e91bdf0a10d1abda4ce54bcb20;v_buying_company_country;acao;inativa;ação removida
item;1ccb68a91bdf0a10d1abda4ce54bcb5c;Consulta de Fornecedores;97ebace91bdf0a10d1abda4ce54bcb7d;2 Número de registo;4ddb60e91bdf0a10d1abda4ce54bcbd9;Regis2;acao;inativa;policy removida (todas as ações quebradas)
item;1ccb68a91bdf0a10d1abda4ce54bcb5c;Consulta de Fornecedores;9cebe4e91bdf0a10d1abda4ce54bcbb6;EY: Read Only Variables;d0373ef51b5f0e10d1abda4ce54bcb0f;v_invoice_issuance_date;acao;inativa;ação removida
item;1ccb68a91bdf0a10d1abda4ce54bcb5c;Consulta de Fornecedores;9cebe4e91bdf0a10d1abda4ce54bcbb6;EY: Read Only Variables;5ecb6ca91bdf0a10d1abda4ce54bcb34;v_your_fiscal_id;acao;inativa;ação removida
item;1ccb68a91bdf0a10d1abda4ce54bcb5c;Consulta de Fornecedores;9cebe4e91bdf0a10d1abda4ce54bcbb6;EY: Read Only Variables;c6dbe0e91bdf0a10d1abda4ce54bcb40;v_your_e_mail;acao;inativa;ação removida
item;1ccb68a91bdf0a10d1abda4ce54bcb5c;Consulta de Fornecedores;9cebe4e91bdf0a10d1abda4ce54bcbb6;EY: Read Only Variables;8ee73c9e1bfcbd10a530426fe54bcbc0;;acao;apagada;ação removida
item;1ccb68a91bdf0a10d1abda4ce54bcb5c;Consulta de Fornecedores;9cebe4e91bdf0a10d1abda4ce54bcbb6;EY: Read Only Variables;25dba0e91bdf0a10d1abda4ce54bcb86;solicitar_composicao_de_pagamento;acao;inativa;ação removida
item;1ccb68a91bdf0a10d1abda4ce54bcb5c;Consulta de Fornecedores;9cebe4e91bdf0a10d1abda4ce54bcbb6;EY: Read Only Variables;76f778121b30fd10a530426fe54bcbb5;;acao;apagada;ação removida
item;1ccb68a91bdf0a10d1abda4ce54bcb5c;Consulta de Fornecedores;9cebe4e91bdf0a10d1abda4ce54bcbb6;EY: Read Only Variables;2dcbe8a91bdf0a10d1abda4ce54bcbd8;v_buying_company;acao;inativa;ação removida
item;1ccb68a91bdf0a10d1abda4ce54bcb5c;Consulta de Fornecedores;9cebe4e91bdf0a10d1abda4ce54bcbb6;EY: Read Only Variables;becb6ca91bdf0a10d1abda4ce54bcbf4;solicitar_comprovante_de_pagamento;acao;inativa;ação removida
item;1ccb68a91bdf0a10d1abda4ce54bcb5c;Consulta de Fornecedores;9cebe4e91bdf0a10d1abda4ce54bcbb6;EY: Read Only Variables;e308f8de1bfcbd10a530426fe54bcb74;;acao;apagada;ação removida
item;1ccb68a91bdf0a10d1abda4ce54bcb5c;Consulta de Fornecedores;9cebe4e91bdf0a10d1abda4ce54bcbb6;EY: Read Only Variables;3acb6ca91bdf0a10d1abda4ce54bcbbc;v_vendor_s_registration_code;acao;inativa;ação removida
item;1ccb68a91bdf0a10d1abda4ce54bcb5c;Consulta de Fornecedores;9cebe4e91bdf0a10d1abda4ce54bcbb6;EY: Read Only Variables;e8db20e91bdf0a10d1abda4ce54bcbaa;v_buying_company_id;acao;inativa;ação removida
item;1ccb68a91bdf0a10d1abda4ce54bcb5c;Consulta de Fornecedores;9cebe4e91bdf0a10d1abda4ce54bcbb6;EY: Read Only Variables;70973e791b5f0e10d1abda4ce54bcb6d;v_invoice_send_date;acao;inativa;ação removida
item;1ccb68a91bdf0a10d1abda4ce54bcb5c;Consulta de Fornecedores;9cebe4e91bdf0a10d1abda4ce54bcbb6;EY: Read Only Variables;18db20e91bdf0a10d1abda4ce54bcb20;v_buying_company_country;acao;inativa;ação removida
item;1ccb68a91bdf0a10d1abda4ce54bcb5c;Consulta de Fornecedores;9cebe4e91bdf0a10d1abda4ce54bcbb6;EY: Read Only Variables;39cb2ca91bdf0a10d1abda4ce54bcb61;v_vendor_s_name;acao;inativa;ação removida
item;1ccb68a91bdf0a10d1abda4ce54bcb5c;Consulta de Fornecedores;9cebe4e91bdf0a10d1abda4ce54bcbb6;EY: Read Only Variables;d5cbe8a91bdf0a10d1abda4ce54bcb7c;status_de_pagamentos_de_nota_fiscal;acao;inativa;ação removida
item;1ccb68a91bdf0a10d1abda4ce54bcb5c;Consulta de Fornecedores;9cebe4e91bdf0a10d1abda4ce54bcbb6;EY: Read Only Variables;1656b85e1bfcbd10a530426fe54bcba3;;acao;apagada;ação removida
item;1ccb68a91bdf0a10d1abda4ce54bcb5c;Consulta de Fornecedores;9cebe4e91bdf0a10d1abda4ce54bcbb6;EY: Read Only Variables;dac7fcde1bfcbd10a530426fe54bcb58;;acao;apagada;ação removida
item;1ccb68a91bdf0a10d1abda4ce54bcb5c;Consulta de Fornecedores;afebece91bdf0a10d1abda4ce54bcb1b;Numero documento / valor nota fiscal visible ;ffdec5291b1de510a530426fe54bcb40;;acao;apagada;policy removida (todas as ações quebradas)
item;1ccb68a91bdf0a10d1abda4ce54bcb5c;Consulta de Fornecedores;afebece91bdf0a10d1abda4ce54bcb1b;Numero documento / valor nota fiscal visible ;125f012d1b1de510a530426fe54bcb40;;acao;apagada;policy removida (todas as ações quebradas)
item;1ccb68a91bdf0a10d1abda4ce54bcb5c;Consulta de Fornecedores;afebece91bdf0a10d1abda4ce54bcb1b;Numero documento / valor nota fiscal visible ;3dbe05a91b1de510a530426fe54bcba4;;condicao;apagada;policy removida (todas as ações quebradas)
item;1ccb68a91bdf0a10d1abda4ce54bcb5c;Consulta de Fornecedores;afebece91bdf0a10d1abda4ce54bcb1b;Numero documento / valor nota fiscal visible ;3dbe05a91b1de510a530426fe54bcba4;;condicao;apagada;policy removida (todas as ações quebradas)
item;1ccb68a91bdf0a10d1abda4ce54bcb5c;Consulta de Fornecedores;cbeb6ce91bdf0a10d1abda4ce54bcb87;4 Número de registro;c9cbe8a91bdf0a10d1abda4ce54bcb24;Regis4;acao;inativa;policy removida (todas as ações quebradas)
item;1ccb68a91bdf0a10d1abda4ce54bcb5c;Consulta de Fornecedores;f6eb2ce91bdf0a10d1abda4ce54bcb61;5 Número de registro;3acb6ca91bdf0a10d1abda4ce54bcb9d;Regis5;acao;inativa;policy removida (todas as ações quebradas)
item;1d7ecc1c1be41a90514cbaef4b4bcba7;"Seguro complementar (saúde, vida e odontológico)";ba5482693bac5610924d0247f4e45af1;EY: Show multirow;62cbed6d3be85610924d0247f4e45a0b;;acao;apagada;ação removida
item;23094fd91bfab990d1abda4ce54bcb29;"Adesão, Alteração ou Cancelamento do Vale Transporte";35a2c6311bfe75d0a530426fe54bcb7d;EY: Adhesion or Amendment and Transport voucher or Transport voucher + Chartered;350894e51b76f990d1abda4ce54bcb15;;acao;apagada;policy removida (todas as ações quebradas)
item;23094fd91bfab990d1abda4ce54bcb29;"Adesão, Alteração ou Cancelamento do Vale Transporte";487f32931b327510a530426fe54bcb43;EY: Checkbox Adhesion or Amendment and Transport Voucher + Chartered or Chartered;45911f5f1b727510a530426fe54bcb16;formatter4;acao;inativa;ação removida
item;23094fd91bfab990d1abda4ce54bcb29;"Adesão, Alteração ou Cancelamento do Vale Transporte";487f32931b327510a530426fe54bcb43;EY: Checkbox Adhesion or Amendment and Transport Voucher + Chartered or Chartered;13401f5f1b727510a530426fe54bcb47;formatter3;acao;inativa;ação removida
item;23094fd91bfab990d1abda4ce54bcb29;"Adesão, Alteração ou Cancelamento do Vale Transporte";487f32931b327510a530426fe54bcb43;EY: Checkbox Adhesion or Amendment and Transport Voucher + Chartered or Chartered;26ce9f971bf27510a530426fe54bcb57;formatter5;acao;inativa;ação removida
item;23094fd91bfab990d1abda4ce54bcb29;"Adesão, Alteração ou Cancelamento do Vale Transporte";64800f931b327510a530426fe54bcbda;EY: Checkbox Cancellation and Transport Voucher + Chartered or Chartered;5bd11fdf1b727510a530426fe54bcb07;formatter6;acao;inativa;ação removida
item;23094fd91bfab990d1abda4ce54bcb29;"Adesão, Alteração ou Cancelamento do Vale Transporte";782d32df1bfe3510a530426fe54bcbd5;EY: Checkbox Adhesion or Amendment and Transport Voucher and Chartered or Transport Voucher;8abf43db1b727510a530426fe54bcbf1;formatter2;acao;inativa;ação removida
item;23094fd91bfab990d1abda4ce54bcb29;"Adesão, Alteração ou Cancelamento do Vale Transporte";782d32df1bfe3510a530426fe54bcbd5;EY: Checkbox Adhesion or Amendment and Transport Voucher and Chartered or Transport Voucher;d99f47db1b727510a530426fe54bcb16;formatter;acao;inativa;ação removida
item;23094fd91bfab990d1abda4ce54bcb29;"Adesão, Alteração ou Cancelamento do Vale Transporte";a2e24e711bfe75d0a530426fe54bcb43;EY: Adhesion or Amendment and Chartered or Transport voucher + Chartered;a804dc791b3275d0a530426fe54bcbf3;;acao;apagada;policy removida (todas as ações quebradas)
item;23094fd91bfab990d1abda4ce54bcb29;"Adesão, Alteração ou Cancelamento do Vale Transporte";e2404a791bbe75d0a530426fe54bcba7;EY: Adhesion or Amendment and Transport voucher + Chartered;a48228971b2b7910a530426fe54bcbf9;divide;acao;inativa;ação removida
item;23094fd91bfab990d1abda4ce54bcb29;"Adesão, Alteração ou Cancelamento do Vale Transporte";fd1f7a531b327510a530426fe54bcb06;"EY: Checkbox Adhesion, Amendment or Cancellation";1f02d3131bb27510a530426fe54bcb57;formatter7;acao;inativa;ação removida
item;233dc65a87a93e94ec360e530cbb3521;Lista de Presença em Treinamentos;deaeae6a87a972d4ec360e530cbb357b;[AOOP][Show fields when Training Type = Regulatory];bc14ea5e87e57e94ec360e530cbb354a;;acao;apagada;ação removida
item;249ca6031b702950d1abda4ce54bcb63;Realizar reembolso e prestação de contas;fa36c0f01b81a5d0d1abda4ce54bcbad;EY: Which audience do you belong to?;8b524af71b342d90a530426fe54bcbcf;v_attach_proof_of_accountability_here;acao;inativa;ação removida
item;2d0389321b40d210514cbaef4b4bcbda;Solicitação de serviços funerários;56c7eed31b48d610514cbaef4b4bcba2;EY: Show legenda;62d2d8a31b841a10514cbaef4b4bcb5d;remember_beneficiaries;acao;inativa;policy removida (todas as ações quebradas)
item;2d0389321b40d210514cbaef4b4bcbda;Solicitação de serviços funerários;739fd0a71bc41a10514cbaef4b4bcb80;EY: Show  consent;2055669f1b08d610514cbaef4b4bcb7a;consent;acao;inativa;ação removida
item;2d0389321b40d210514cbaef4b4bcbda;Solicitação de serviços funerários;d525fec01b709650514cbaef4b4bcbc2;"EY: Show multirow, legendas and checkbox";ec5648e93b2c1610924d0247f4e45a97;;acao;apagada;ação removida
item;2d0389321b40d210514cbaef4b4bcbda;Solicitação de serviços funerários;d525fec01b709650514cbaef4b4bcbc2;"EY: Show multirow, legendas and checkbox";78d414a71b841a10514cbaef4b4bcb28;check_compliance;acao;inativa;ação removida
item;2def243d1bd42550d1abda4ce54bcbae;Informações ou dúvidas relacionadas à Controle de Jornada;4aefa43d1bd42550d1abda4ce54bcbf7;EY: Show kb link;3defa43d1bd42550d1abda4ce54bcb4b;link_kb;acao;inativa;policy removida (todas as ações quebradas)
item;2def243d1bd42550d1abda4ce54bcbae;Informações ou dúvidas relacionadas à Controle de Jornada;4aefa43d1bd42550d1abda4ce54bcbf7;EY: Show kb link;3defa43d1bd42550d1abda4ce54bcb64;v_have_you_tried_searching_the_knowledge_base;condicao;inativa;policy removida (todas as ações quebradas)
item;2def243d1bd42550d1abda4ce54bcbae;Informações ou dúvidas relacionadas à Controle de Jornada;4aefa43d1bd42550d1abda4ce54bcbfe;EY: Mandatory Fields;b9efa43d1bd42550d1abda4ce54bcba3;v_have_you_already_searched_the_portals_search_engine;acao;inativa;ação removida
item;2def243d1bd42550d1abda4ce54bcbae;Informações ou dúvidas relacionadas à Controle de Jornada;4aefa43d1bd42550d1abda4ce54bcbfe;EY: Mandatory Fields;3defa43d1bd42550d1abda4ce54bcb64;v_have_you_tried_searching_the_knowledge_base;acao;inativa;ação removida
item;2fbbb06a1ba79550a530426fe54bcbc8;MyPerformance;4f54826a1bafd550a530426fe54bcb6b;EY: If classify is report;9dd4c22e1bafd550a530426fe54bcb27;v_attach_your_file;acao;inativa;ação removida
item;2fbbb06a1ba79550a530426fe54bcbc8;MyPerformance;c3a886e21b231950a530426fe54bcbc6;EY: If question;9dd4c22e1bafd550a530426fe54bcb27;v_attach_your_file;acao;inativa;policy removida (todas as ações quebradas)
item;30c718e51b091ed0514cbaef4b4bcb43;Solicitar reembolsos de conectividade;c067cd2e1b015610514cbaef4b4bcb6c;EY: Show fields ;42c9542d1b091ed0514cbaef4b4bcb2b;click_here_legenda;acao;inativa;ação removida
item;31ca83d11b3b1d14a530426fe54bcbbb;Solicitação de Baixa de Titulo e Abertura de Débito;6c0ecfd51b7b1d14a530426fe54bcbe0;EY: Mandatory Fields;1b4c839d1b3b1d14a530426fe54bcb52;v_attach_approval;acao;inativa;ação removida
item;3acbf15d1bd3f010d1abda4ce54bcbdc;Solicitação de Licença Paternidade;6b002bd11b1bf010d1abda4ce54bcbb9;"ACN: Show ""Dependent informations"" when ""Paternity leave continue"" is ""Yes"" AND ""Life insurance"" is ""Yes""";b5c24b731b2d0510d1abda4ce54bcb3b;life_insurance_form;acao;inativa;policy removida (todas as ações quebradas)
item;3acbf15d1bd3f010d1abda4ce54bcbdc;Solicitação de Licença Paternidade;b3f625071b99c110a530426fe54bcbfa;"ACN Elegibility is show when  ""paternity_leave_continue"" is yes and dental or health is yes";5659d1691b000510d1abda4ce54bcb2f;;acao;apagada;policy removida (todas as ações quebradas)
item;3e7cb3041bf821d0a530426fe54bcb90;Solicitar aprovações para prêmios e comissões;12eeef0c1bada910d1abda4ce54bcbb8;"If it is ""commissions"" and loads is ""4""";701db6801bad6590a530426fe54bcb13;;acao;apagada;ação removida
item;3e7cb3041bf821d0a530426fe54bcb90;Solicitar aprovações para prêmios e comissões;16592f8c1b2da910d1abda4ce54bcb76;"If it is ""Awards"" and loads is ""3""";ca9913841be5a910d1abda4ce54bcbb3;;acao;apagada;ação removida
item;3e7cb3041bf821d0a530426fe54bcb90;Solicitar aprovações para prêmios e comissões;446fa7001beda910d1abda4ce54bcbd2;"If it is ""commissions"" and loads is ""5""";b1afbe841bed6590a530426fe54bcb1f;;acao;apagada;ação removida
item;3e7cb3041bf821d0a530426fe54bcb90;Solicitar aprovações para prêmios e comissões;553d6bc01bada910d1abda4ce54bcbd7;"If it is ""commissions"" and loads is ""3""";49f436881be56590a530426fe54bcbb5;;acao;apagada;ação removida
item;3e7cb3041bf821d0a530426fe54bcb90;Solicitar aprovações para prêmios e comissões;9e04386c1bbce514d1abda4ce54bcba3;"If it is ""commissions"" and loads is ""1""";fcb6085c1bbc21d0a530426fe54bcbec;;acao;apagada;ação removida
item;3e7cb3041bf821d0a530426fe54bcb90;Solicitar aprovações para prêmios e comissões;a5bcef401bada910d1abda4ce54bcb8c;"If it is ""commissions"" and loads is ""2""";04372ac81bed2590a530426fe54bcb02;;acao;apagada;ação removida
item;3e7cb3041bf821d0a530426fe54bcb90;Solicitar aprovações para prêmios e comissões;a9cae7841b6da910d1abda4ce54bcbd6;"If it is ""Awards"" and loads is ""5""";3e4f5f441b69a910d1abda4ce54bcba5;;acao;apagada;ação removida
item;3e7cb3041bf821d0a530426fe54bcb90;Solicitar aprovações para prêmios e comissões;b9a427041be9a910d1abda4ce54bcb9c;"If it is ""Awards"" and loads is ""2""";9e119bc81b69a590a530426fe54bcb55;;acao;apagada;ação removida
item;3e7cb3041bf821d0a530426fe54bcb90;Solicitar aprovações para prêmios e comissões;bba574241bfce514d1abda4ce54bcb1c;"If it is ""Awards"" and loads is ""1""";401798181b3461d0a530426fe54bcba3;;acao;apagada;ação removida
item;3e7cb3041bf821d0a530426fe54bcb90;Solicitar aprovações para prêmios e comissões;c32a67c01b6da910d1abda4ce54bcbc5;"If it is ""Awards"" and loads is ""4""";35cb53801b29a910d1abda4ce54bcb9a;;acao;apagada;ação removida
item;42785fd61bac9a10514cbaef4b4bcbf3;Solicitações de licença maternidade;f2a582fe1bac5e10514cbaef4b4bcb88;EY: Field Rules v_maternity_leave_start_date_anses / etc;5d29c4be1ba05e10514cbaef4b4bcb2d;v_label_3_v4;acao;inativa;ação removida
item;4aacc9fa1be90a50a530426fe54bcb0f;Solicitação de 2ª via de crachá;2f4d2ef61b2d4a50a530426fe54bcb3f;Show or hidden the address datas;ba61aeba1ba94a50a530426fe54bcb7d;;acao;apagada;policy removida (todas as ações quebradas)
item;4c6ef8fd1b982550d1abda4ce54bcb36;Pagamento de Acúmulo de Função;ff4cfe7d1b18a550d1abda4ce54bcb0a;EY: Hide company2;b1b846f91b1c6550d1abda4ce54bcbd9;v_company2;acao;inativa;policy removida (todas as ações quebradas)
item;4ca298e41b5ef910a530426fe54bcb82;Solicitação de RPE;6893e94b1b563510a530426fe54bcbc1;EY: Make Multirow Add More Mandatory;5a54054f1b523510a530426fe54bcbc4;;acao;apagada;policy removida (todas as ações quebradas)
item;4f50f3a71b102dd0a530426fe54bcb88;PPP - Perfil Profissiográfico Previdenciário;2f66bb231b902dd0a530426fe54bcb87;EY: If active is NO;782a3fef1b902dd0a530426fe54bcb81;v_current_date;acao;inativa;ação removida
item;4f50f3a71b102dd0a530426fe54bcb88;PPP - Perfil Profissiográfico Previdenciário;2f66bb231b902dd0a530426fe54bcb87;EY: If active is NO;ba23bfe31b502dd0a530426fe54bcbfb;v_text_attach_the_documents;acao;inativa;ação removida
item;500a15313bacd610924d0247f4e45ad6;"Solicitação de Plano de Saúde, Cobertura Médica, Previdência Social, EPS";4e5b69443b74da50924d0247f4e45ad4;EY: Show legenda 6;90fadeca3b649a10924d0247f4e45acb;legenda_6;acao;inativa;policy removida (todas as ações quebradas)
item;500a15313bacd610924d0247f4e45ad6;"Solicitação de Plano de Saúde, Cobertura Médica, Previdência Social, EPS";50ce1a3d3b641a10924d0247f4e45aae;EY: Show v_workday_message and VS depentens;0a851af93b241a10924d0247f4e45a70;;acao;apagada;ação removida
item;500a15313bacd610924d0247f4e45ad6;"Solicitação de Plano de Saúde, Cobertura Médica, Previdência Social, EPS";c82e60ae3be89e10924d0247f4e45af6;EY: Hide legendas - form;99ea9eca3b649a10924d0247f4e45acf;legenda_5;acao;inativa;ação removida
item;500a15313bacd610924d0247f4e45ad6;"Solicitação de Plano de Saúde, Cobertura Médica, Previdência Social, EPS";c82e60ae3be89e10924d0247f4e45af6;EY: Hide legendas - form;9ca9dec63b649a10924d0247f4e45a8f;legenda_1;acao;inativa;ação removida
item;500a15313bacd610924d0247f4e45ad6;"Solicitação de Plano de Saúde, Cobertura Médica, Previdência Social, EPS";c82e60ae3be89e10924d0247f4e45af6;EY: Hide legendas - form;90fadeca3b649a10924d0247f4e45acb;legenda_6;acao;inativa;ação removida
item;500a15313bacd610924d0247f4e45ad6;"Solicitação de Plano de Saúde, Cobertura Médica, Previdência Social, EPS";c82e60ae3be89e10924d0247f4e45af6;EY: Hide legendas - form;0636c0fb3b6cd650924d0247f4e45aa4;v_legenda_9;acao;inativa;ação removida
item;500a15313bacd610924d0247f4e45ad6;"Solicitação de Plano de Saúde, Cobertura Médica, Previdência Social, EPS";c82e60ae3be89e10924d0247f4e45af6;EY: Hide legendas - form;7bf2a07e3b2c1250924d0247f4e45a91;v_legenda_7;acao;inativa;ação removida
item;500a15313bacd610924d0247f4e45ad6;"Solicitação de Plano de Saúde, Cobertura Médica, Previdência Social, EPS";c82e60ae3be89e10924d0247f4e45af6;EY: Hide legendas - form;0aba56ca3b649a10924d0247f4e45a5f;legenda_2;acao;inativa;ação removida
item;500a15313bacd610924d0247f4e45ad6;"Solicitação de Plano de Saúde, Cobertura Médica, Previdência Social, EPS";c9fb1cf73b241a50924d0247f4e45ae9;EY: Show legenda 5;99ea9eca3b649a10924d0247f4e45acf;legenda_5;acao;inativa;policy removida (todas as ações quebradas)
item;500a15313bacd610924d0247f4e45ad6;"Solicitação de Plano de Saúde, Cobertura Médica, Previdência Social, EPS";cc4f58b63b2c1250924d0247f4e45ab4;EY: Show legenda 2;0aba56ca3b649a10924d0247f4e45a5f;legenda_2;acao;inativa;policy removida (todas as ações quebradas)
item;500a15313bacd610924d0247f4e45ad6;"Solicitação de Plano de Saúde, Cobertura Médica, Previdência Social, EPS";dd2614b33be01a50924d0247f4e45a99;EY: Show legenda 1 ;9ca9dec63b649a10924d0247f4e45a8f;legenda_1;acao;inativa;policy removida (todas as ações quebradas)
item;55d956d71b3711d4a530426fe54bcb29;Solicitação de Adiantamento e Complemento Previdenciário;f57b0c731bb3d5d4a530426fe54bcb22;"EY: make field visible - ""Social Security Advance"" condition and ""Yes"" INSS";560966531b7b11d4a530426fe54bcbe2;v_download_the_form_below_to_fill_it_out;acao;inativa;ação removida
item;5c8fbbfe1b754e90d1abda4ce54bcba5;Solicitação de compras descentralizadas;7a02b7f41b2ece10d1abda4ce54bcb0e;EY: Mandatory fields on PR creation;eeee2eeb1bf10ed0a530426fe54bcb78;v_attach_the_supplier_term_here;acao;inativa;ação removida
item;5c8fbbfe1b754e90d1abda4ce54bcba5;Solicitação de compras descentralizadas;b0107ff01b2ece10d1abda4ce54bcb77;EY: Hide fields on Creation and Acceptance of Service Sheet or None;eeee2eeb1bf10ed0a530426fe54bcb78;v_attach_the_supplier_term_here;acao;inativa;ação removida
item;5c8fbbfe1b754e90d1abda4ce54bcba5;Solicitação de compras descentralizadas;b718ef781b8e0610d1abda4ce54bcbf4;EY: If controller is true;e8493ae31bb50ed0a530426fe54bcb91;vs_info_supplier_not_registered;acao;inativa;ação removida
item;5c8fbbfe1b754e90d1abda4ce54bcba5;Solicitação de compras descentralizadas;b718ef781b8e0610d1abda4ce54bcbf4;EY: If controller is true;eeee2eeb1bf10ed0a530426fe54bcb78;v_attach_the_supplier_term_here;acao;inativa;ação removida
item;6a574af087cff250ec360e530cbb356c;Solicitações Workday Learning;6ec3feb087437650ec360e530cbb35e0;EY: Cadastro de conteúdo no Workday Learning;e94c8af487433650ec360e530cbb359e;total_workload;acao;inativa;ação removida
item;6a574af087cff250ec360e530cbb356c;Solicitações Workday Learning;6ec3feb087437650ec360e530cbb35e0;EY: Cadastro de conteúdo no Workday Learning;94fb0eb487433650ec360e530cbb3587;data_horario_termino;acao;inativa;ação removida
item;6c0c3c2d1b902150a530426fe54bcb7c;Informações ou dúvidas relacionadas à Folha de Pagamento;1d0cb46d1b902150a530426fe54bcb71;EY: Show kb link;850cb46d1b902150a530426fe54bcb2a;link_kb;acao;inativa;policy removida (todas as ações quebradas)
item;6c0c3c2d1b902150a530426fe54bcb7c;Informações ou dúvidas relacionadas à Folha de Pagamento;1d0cb46d1b902150a530426fe54bcb71;EY: Show kb link;4d0c746d1b902150a530426fe54bcb84;v_have_you_tried_searching_the_knowledge_base;condicao;inativa;policy removida (todas as ações quebradas)
item;6c0c3c2d1b902150a530426fe54bcb7c;Informações ou dúvidas relacionadas à Folha de Pagamento;dd0cb46d1b902150a530426fe54bcb4a;EY: Mandatory Fields;4d0c746d1b902150a530426fe54bcb84;v_have_you_tried_searching_the_knowledge_base;acao;inativa;ação removida
item;6c0c3c2d1b902150a530426fe54bcb7c;Informações ou dúvidas relacionadas à Folha de Pagamento;dd0cb46d1b902150a530426fe54bcb4a;EY: Mandatory Fields;010c746d1b902150a530426fe54bcb8b;v_have_you_already_searched_the_portals_search_engine;acao;inativa;ação removida
item;6de79cf73387369098331c07ee5c7b68;Pré-edição e Reembolso - Cliente Final;831998ff3387369098331c07ee5c7b9f;EY - Set fields to Mandatory;a3d2dca0874b3e10ec360e530cbb355b;;acao;apagada;ação removida
item;71d664751b542550d1abda4ce54bcb0f;Informações ou dúvidas relacionadas à Licenças e Ausências;02d6a0b51b542550d1abda4ce54bcb19;EY: Mandatory Fields;4ad660b51b542550d1abda4ce54bcb9e;v_have_you_already_searched_the_portals_search_engine;acao;inativa;ação removida
item;71d664751b542550d1abda4ce54bcb0f;Informações ou dúvidas relacionadas à Licenças e Ausências;02d6a0b51b542550d1abda4ce54bcb19;EY: Mandatory Fields;79d660b51b542550d1abda4ce54bcb98;v_have_you_tried_searching_the_knowledge_base;acao;inativa;ação removida
item;71d664751b542550d1abda4ce54bcb0f;Informações ou dúvidas relacionadas à Licenças e Ausências;4ed6a0b51b542550d1abda4ce54bcb40;EY: Show kb link;86d6a0b51b542550d1abda4ce54bcb11;link_kb;acao;inativa;policy removida (todas as ações quebradas)
item;71d664751b542550d1abda4ce54bcb0f;Informações ou dúvidas relacionadas à Licenças e Ausências;4ed6a0b51b542550d1abda4ce54bcb40;EY: Show kb link;79d660b51b542550d1abda4ce54bcb98;v_have_you_tried_searching_the_knowledge_base;condicao;inativa;policy removida (todas as ações quebradas)
item;73253b071bb46950d1abda4ce54bcbe1;Solicitação de adiantamento de comissão - líderes;659330af1bfcad50d1abda4ce54bcbb6;EY: Leader;c560f35f1bf8a190a530426fe54bcbe2;;acao;apagada;ação removida
item;73bfff2d1b37d154d1abda4ce54bcb1d;Solicitação ou Desistência de Vaga no Berçário;c49a70cf1b7b1d94d1abda4ce54bcb7f;"EY: When it is ""Job Request""";855754fd1bbbd154d1abda4ce54bcb84;v_probable_date_of_delivery;acao;inativa;ação removida
item;7b483bfd1b912510a530426fe54bcb12;Criação de Nota de Débito;831ba9f31b592d50a530426fe54bcb11;Variaveis Obrigatorias ;aa0da2a91b956910a530426fe54bcbd3;v_attachment;acao;inativa;ação removida
item;7b483bfd1b912510a530426fe54bcb12;Criação de Nota de Débito;87d72cac1ba161d0a530426fe54bcbec;EY: Read Only Variables;a276c5e51b99e510a530426fe54bcbb0;;acao;apagada;policy removida (todas as ações quebradas)
item;7b483bfd1b912510a530426fe54bcb12;Criação de Nota de Débito;87d72cac1ba161d0a530426fe54bcbec;EY: Read Only Variables;65c549651b99e510a530426fe54bcb58;;acao;apagada;policy removida (todas as ações quebradas)
item;7b483bfd1b912510a530426fe54bcb12;Criação de Nota de Débito;87d72cac1ba161d0a530426fe54bcbec;EY: Read Only Variables;e8c645691b99e510a530426fe54bcb60;;acao;apagada;policy removida (todas as ações quebradas)
item;7b483bfd1b912510a530426fe54bcb12;Criação de Nota de Débito;87d72cac1ba161d0a530426fe54bcbec;EY: Read Only Variables;57a1b70a1bdd6910d1abda4ce54bcbaf;;acao;apagada;policy removida (todas as ações quebradas)
item;7e680bf31bc8a51cd1abda4ce54bcb7f;Aprovar reembolsos diários por país;fc82d7731b8ca51cd1abda4ce54bcbaf;EY: Mandatory fields;2d715f3f1b4ca51cd1abda4ce54bcbf8;v_which_country_is_the_refund_for;acao;inativa;ação removida
item;7e680bf31bc8a51cd1abda4ce54bcb7f;Aprovar reembolsos diários por país;fc82d7731b8ca51cd1abda4ce54bcbaf;EY: Mandatory fields;9451ea923b14a650924d0247f4e45acd;select_the_approver;acao;inativa;ação removida
item;8cef1bd81b68c290a530426fe54bcb73;Designação de beneficiários do seguro de vida;335273101b2cc290a530426fe54bcba8;EY: Add Beneficiaries is YES;003e17161b2f7010d1abda4ce54bcb85;;acao;apagada;ação removida
item;8d6da4711bd42550d1abda4ce54bcb5d;Informações ou dúvidas relacionadas à Desligamento;216dec711bd42550d1abda4ce54bcbd8;EY: Show kb link;156dec711bd42550d1abda4ce54bcb84;link_kb;acao;inativa;policy removida (todas as ações quebradas)
item;8d6da4711bd42550d1abda4ce54bcb5d;Informações ou dúvidas relacionadas à Desligamento;216dec711bd42550d1abda4ce54bcbd8;EY: Show kb link;556dec711bd42550d1abda4ce54bcb70;v_have_you_tried_searching_the_knowledge_base;condicao;inativa;policy removida (todas as ações quebradas)
item;8d6da4711bd42550d1abda4ce54bcb5d;Informações ou dúvidas relacionadas à Desligamento;216dec711bd42550d1abda4ce54bcbdf;EY: Mandatory Fields;9d6dec711bd42550d1abda4ce54bcb63;v_have_you_already_searched_the_portals_search_engine;acao;inativa;ação removida
item;8d6da4711bd42550d1abda4ce54bcb5d;Informações ou dúvidas relacionadas à Desligamento;216dec711bd42550d1abda4ce54bcbdf;EY: Mandatory Fields;556dec711bd42550d1abda4ce54bcb70;v_have_you_tried_searching_the_knowledge_base;acao;inativa;ação removida
item;9045899c87fc0f90ec360e530cbb35fb;Solicitar Aplicação de Acordo Coletivo;a46a419487704f90ec360e530cbb3529;EY: Mandatory Variables;1857891887304f90ec360e530cbb3553;;acao;apagada;ação removida
item;90654bf41beb1558d1abda4ce54bcb6b;Programa de Estágio;4121cdc91baf9558d1abda4ce54bcb9f;EY: If training information;8fe21bbc1baf1558d1abda4ce54bcb4b;v_attach_your_request;acao;inativa;ação removida
item;90654bf41beb1558d1abda4ce54bcb6b;Programa de Estágio;64db3fb81bab5558d1abda4ce54bcbf8;EY: If Internship contract and amendment contract ;8fe21bbc1baf1558d1abda4ce54bcb4b;v_attach_your_request;acao;inativa;policy removida (todas as ações quebradas)
item;90654bf41beb1558d1abda4ce54bcb6b;Programa de Estágio;b44978811b2f9558d1abda4ce54bcbe3;EY: If activity report and manager change;8fe21bbc1baf1558d1abda4ce54bcb4b;v_attach_your_request;acao;inativa;ação removida
item;90654bf41beb1558d1abda4ce54bcb6b;Programa de Estágio;d7954d011b23d558d1abda4ce54bcb26;EY: If internship contract and change manager;8fe21bbc1baf1558d1abda4ce54bcb4b;v_attach_your_request;acao;inativa;ação removida
item;91f83d788747be10017d65790cbb3540;Solicitação de Alteração de Custo Padrão (Materiais Produtivos);6557aec987c33a50ec360e530cbb358e;EY: Set Mandatory fields;40d87ef087c33250017d65790cbb35ca;;acao;apagada;ação removida
item;95d6eae91b156910a530426fe54bcb39;Ajuste de Lançamento de Fornecedor ;c417a8281ba161d0a530426fe54bcba5;EY: Read Only Variables;a276c5e51b99e510a530426fe54bcbb0;;acao;apagada;policy removida (todas as ações quebradas)
item;95d6eae91b156910a530426fe54bcb39;Ajuste de Lançamento de Fornecedor ;c417a8281ba161d0a530426fe54bcba5;EY: Read Only Variables;ccae2aa11bd56910a530426fe54bcbe7;;acao;apagada;policy removida (todas as ações quebradas)
item;95d6eae91b156910a530426fe54bcb39;Ajuste de Lançamento de Fornecedor ;c417a8281ba161d0a530426fe54bcba5;EY: Read Only Variables;65c549651b99e510a530426fe54bcb58;;acao;apagada;policy removida (todas as ações quebradas)
item;95d6eae91b156910a530426fe54bcb39;Ajuste de Lançamento de Fornecedor ;c417a8281ba161d0a530426fe54bcba5;EY: Read Only Variables;e8c645691b99e510a530426fe54bcb60;;acao;apagada;policy removida (todas as ações quebradas)
item;95d6eae91b156910a530426fe54bcb39;Ajuste de Lançamento de Fornecedor ;d573b2e91b196910a530426fe54bcb96;Variaveis obrigatorias ;24915aa91b9d2910a530426fe54bcb71;v_which_sub_company_is_the_service_for;acao;inativa;ação removida
item;95d6eae91b156910a530426fe54bcb39;Ajuste de Lançamento de Fornecedor ;d573b2e91b196910a530426fe54bcb96;Variaveis obrigatorias ;8aef4e611b9d2910a530426fe54bcb46;v_is_your_request_for_which_company;acao;inativa;ação removida
item;95d6eae91b156910a530426fe54bcb39;Ajuste de Lançamento de Fornecedor ;d573b2e91b196910a530426fe54bcb96;Variaveis obrigatorias ;aa0da2a91b956910a530426fe54bcbd3;v_attachment;acao;inativa;ação removida
item;96ae57af1b9c61d0d1abda4ce54bcbe7;Informações sobre Cartão Corporativo;6716e7ef1b10a1d0d1abda4ce54bcbcf;EY: Call Demand;5d61e7a71bdc61d0d1abda4ce54bcb72;v_what_is_the_demand_for_the_call;acao;inativa;policy removida (todas as ações quebradas)
item;96ae57af1b9c61d0d1abda4ce54bcbe7;Informações sobre Cartão Corporativo;ba7767671b50a1d0d1abda4ce54bcb06;"EY: If ""What is the demand for the call?"" for ""Report International Travel""";5d61e7a71bdc61d0d1abda4ce54bcb72;v_what_is_the_demand_for_the_call;condicao;inativa;pendência humana
item;97ff6e031bb02950d1abda4ce54bcb4a;Logística de Transferência - Força de Vendas Natura;0173fd5c1b196518a530426fe54bcb11;"EY: If ""Enter the name of the new sector"" is ""Other""";a6de68481b19add4a530426fe54bcb01;v_enter_the_name_of_the_new_sector;condicao;inativa;pendência humana
item;97ff6e031bb02950d1abda4ce54bcb4a;Logística de Transferência - Força de Vendas Natura;90ab2d181b956518a530426fe54bcbd8;"EY: If ""What demand of the calling?"" for ""Request Sector Transfer Assistance""";366f3c0c1b9dadd4a530426fe54bcb7b;v_city_destination;acao;inativa;ação removida
item;97ff6e031bb02950d1abda4ce54bcb4a;Logística de Transferência - Força de Vendas Natura;90ab2d181b956518a530426fe54bcbd8;"EY: If ""What demand of the calling?"" for ""Request Sector Transfer Assistance""";ae2f744c1b9dadd4a530426fe54bcbcc;v_neighborhood_destination;acao;inativa;ação removida
item;97ff6e031bb02950d1abda4ce54bcb4a;Logística de Transferência - Força de Vendas Natura;90ab2d181b956518a530426fe54bcbd8;"EY: If ""What demand of the calling?"" for ""Request Sector Transfer Assistance""";a6de68481b19add4a530426fe54bcb01;v_enter_the_name_of_the_new_sector;acao;inativa;ação removida
item;97ff6e031bb02950d1abda4ce54bcb4a;Logística de Transferência - Força de Vendas Natura;90ab2d181b956518a530426fe54bcbd8;"EY: If ""What demand of the calling?"" for ""Request Sector Transfer Assistance""";080f38881b9dadd4a530426fe54bcb2d;v_complement_destination;acao;inativa;ação removida
item;97ff6e031bb02950d1abda4ce54bcb4a;Logística de Transferência - Força de Vendas Natura;90ab2d181b956518a530426fe54bcbd8;"EY: If ""What demand of the calling?"" for ""Request Sector Transfer Assistance""";0b3ef4441b9dadd4a530426fe54bcb54;v_destination_zip_code;acao;inativa;ação removida
item;97ff6e031bb02950d1abda4ce54bcb4a;Logística de Transferência - Força de Vendas Natura;90ab2d181b956518a530426fe54bcbd8;"EY: If ""What demand of the calling?"" for ""Request Sector Transfer Assistance""";f09ffccc1b9dadd4a530426fe54bcbcb;v_state_destination;acao;inativa;ação removida
item;97ff6e031bb02950d1abda4ce54bcb4a;Logística de Transferência - Força de Vendas Natura;90ab2d181b956518a530426fe54bcbd8;"EY: If ""What demand of the calling?"" for ""Request Sector Transfer Assistance""";b6de78881b9dadd4a530426fe54bcb9a;v_number_destination;acao;inativa;ação removida
item;97ff6e031bb02950d1abda4ce54bcb4a;Logística de Transferência - Força de Vendas Natura;90ab2d181b956518a530426fe54bcbd8;"EY: If ""What demand of the calling?"" for ""Request Sector Transfer Assistance""";9b8e38841b9dadd4a530426fe54bcb2f;v_street_av_park_destination;acao;inativa;ação removida
item;9869b07c1bbf1114d1abda4ce54bcb13;Devolução do Aviso de Férias;48feb57c1bf79114a530426fe54bcb0f;EY: Fields mandatory;0d9db1381bf79114a530426fe54bcb49;v_13th_salary;acao;inativa;ação removida
item;9869b07c1bbf1114d1abda4ce54bcb13;Devolução do Aviso de Férias;48feb57c1bf79114a530426fe54bcb0f;EY: Fields mandatory;317cb1b01bf79114a530426fe54bcba1;v_number_days_enjoyment;acao;inativa;ação removida
item;9869b07c1bbf1114d1abda4ce54bcb13;Devolução do Aviso de Férias;48feb57c1bf79114a530426fe54bcb0f;EY: Fields mandatory;47dc7d301bf79114a530426fe54bcb9c;v_sale_of_10_days;acao;inativa;ação removida
item;9869b07c1bbf1114d1abda4ce54bcb13;Devolução do Aviso de Férias;ca8082741b3b9114a530426fe54bcbdc;EY: Field mandatory if my team;d9a94e853bf76e14924d0247f4e45a70;adicionar_anexo;acao;inativa;ação removida
item;9869b07c1bbf1114d1abda4ce54bcb13;Devolução do Aviso de Férias;ca8082741b3b9114a530426fe54bcbdc;EY: Field mandatory if my team;31ab31051b3f9514a530426fe54bcb02;;acao;apagada;ação removida
item;9e05bc511b38a514a530426fe54bcbdf;Dúvidas sobre Reembolso Corporativo e Prestação de Contas;26feb8e91bbce554d1abda4ce54bcbf0;"EY: If ""Doubt about which process?"" for ""Bank Reconciliation""";bc6bd86d1b34e554d1abda4ce54bcbfa;;acao;apagada;policy removida (todas as ações quebradas)
item;a5aff3f81beb5558d1abda4ce54bcbad;Documentos para procedimentos junto ao INSS;fd5bc0c51bef5558d1abda4ce54bcb09;EY: Show others if type request;b03744c11baf5558d1abda4ce54bcb35;v_inform_which_document_2;acao;inativa;policy removida (todas as ações quebradas)
item;a837052d1b99e510a530426fe54bcbe5;"Consulta de Fornecedores ""Externo""";12974afb1b156d50a530426fe54bcbd9;Variaveis Obrigatorias ;e36bc9ad1bd9e510a530426fe54bcb00;;acao;apagada;ação removida
item;a837052d1b99e510a530426fe54bcbe5;"Consulta de Fornecedores ""Externo""";12974afb1b156d50a530426fe54bcbd9;Variaveis Obrigatorias ;47c756ce1b5f8e10d1abda4ce54bcb17;v_invoice_send_date;acao;inativa;ação removida
item;a837052d1b99e510a530426fe54bcbe5;"Consulta de Fornecedores ""Externo""";12974afb1b156d50a530426fe54bcbd9;Variaveis Obrigatorias ;05f79ace1b5f8e10d1abda4ce54bcbea;v_invoice_issuance_date;acao;inativa;ação removida
item;a837052d1b99e510a530426fe54bcbe5;"Consulta de Fornecedores ""Externo""";268ab6721b752514d1abda4ce54bcb7a;EY: Informaçoes Adicionais Visible;8cc1d1e11b5de510a530426fe54bcb04;v_additional_information;set_nao_usado;set_nao_usado;ação removida
item;a837052d1b99e510a530426fe54bcbe5;"Consulta de Fornecedores ""Externo""";3296a0a41ba161d0a530426fe54bcb2f;EY: Read Only Variables;65c69d601b8e6d14d1abda4ce54bcbf3;solicitar_comprovante_de_pagamento;acao;inativa;ação removida
item;a837052d1b99e510a530426fe54bcbe5;"Consulta de Fornecedores ""Externo""";3296a0a41ba161d0a530426fe54bcb2f;EY: Read Only Variables;76f778121b30fd10a530426fe54bcbb5;;acao;apagada;ação removida
item;a837052d1b99e510a530426fe54bcbe5;"Consulta de Fornecedores ""Externo""";3296a0a41ba161d0a530426fe54bcb2f;EY: Read Only Variables;bfe619e01b8e6d14d1abda4ce54bcb83;solicitar_composicao_de_pagamento;acao;inativa;ação removida
item;a837052d1b99e510a530426fe54bcbe5;"Consulta de Fornecedores ""Externo""";3296a0a41ba161d0a530426fe54bcb2f;EY: Read Only Variables;1656b85e1bfcbd10a530426fe54bcba3;;acao;apagada;ação removida
item;a837052d1b99e510a530426fe54bcbe5;"Consulta de Fornecedores ""Externo""";3296a0a41ba161d0a530426fe54bcb2f;EY: Read Only Variables;138619a01b8e6d14d1abda4ce54bcbd8;status_de_pagamentos_de_nota_fiscal;acao;inativa;ação removida
item;a837052d1b99e510a530426fe54bcbe5;"Consulta de Fornecedores ""Externo""";3296a0a41ba161d0a530426fe54bcb2f;EY: Read Only Variables;dac7fcde1bfcbd10a530426fe54bcb58;;acao;apagada;ação removida
item;a837052d1b99e510a530426fe54bcbe5;"Consulta de Fornecedores ""Externo""";3296a0a41ba161d0a530426fe54bcb2f;EY: Read Only Variables;8ee73c9e1bfcbd10a530426fe54bcbc0;;acao;apagada;ação removida
item;a837052d1b99e510a530426fe54bcbe5;"Consulta de Fornecedores ""Externo""";3296a0a41ba161d0a530426fe54bcb2f;EY: Read Only Variables;e308f8de1bfcbd10a530426fe54bcb74;;acao;apagada;ação removida
item;a837052d1b99e510a530426fe54bcbe5;"Consulta de Fornecedores ""Externo""";4f62a3d21b01f510a530426fe54bcb41;3 Número de registro;9cc123521b01f510a530426fe54bcb1c;Regis3;acao;inativa;policy removida (todas as ações quebradas)
item;a837052d1b99e510a530426fe54bcbe5;"Consulta de Fornecedores ""Externo""";8ba2e7161b01f510a530426fe54bcb7d;5 Número de registro;3be1a7921b01f510a530426fe54bcb3e;Regis5;acao;inativa;policy removida (todas as ações quebradas)
item;a837052d1b99e510a530426fe54bcbe5;"Consulta de Fornecedores ""Externo""";ad9227161b01f510a530426fe54bcb84;4 Número de registro;0dd163921b01f510a530426fe54bcbc1;Regis4;acao;inativa;policy removida (todas as ações quebradas)
item;a837052d1b99e510a530426fe54bcbe5;"Consulta de Fornecedores ""Externo""";aecbde291b516910a530426fe54bcb26;valor do pagamento / data do pagamento visible ;7bef8ded1b1de510a530426fe54bcb35;;acao;apagada;policy removida (todas as ações quebradas)
item;a837052d1b99e510a530426fe54bcbe5;"Consulta de Fornecedores ""Externo""";aecbde291b516910a530426fe54bcb26;valor do pagamento / data do pagamento visible ;f050d9611b5de510a530426fe54bcbe4;;acao;apagada;policy removida (todas as ações quebradas)
item;a837052d1b99e510a530426fe54bcbe5;"Consulta de Fornecedores ""Externo""";aecbde291b516910a530426fe54bcb26;valor do pagamento / data do pagamento visible ;3dbe05a91b1de510a530426fe54bcba4;;condicao;apagada;policy removida (todas as ações quebradas)
item;a837052d1b99e510a530426fe54bcbe5;"Consulta de Fornecedores ""Externo""";c6322fd21b01f510a530426fe54bcba5;2 Número de registo;ad61ab521b01f510a530426fe54bcb17;Regis2;acao;inativa;policy removida (todas as ações quebradas)
item;a837052d1b99e510a530426fe54bcbe5;"Consulta de Fornecedores ""Externo""";d61a92611b516910a530426fe54bcbbf;Numero documento / valor nota fiscal visible ;ffdec5291b1de510a530426fe54bcb40;;acao;apagada;policy removida (todas as ações quebradas)
item;a837052d1b99e510a530426fe54bcbe5;"Consulta de Fornecedores ""Externo""";d61a92611b516910a530426fe54bcbbf;Numero documento / valor nota fiscal visible ;125f012d1b1de510a530426fe54bcb40;;acao;apagada;policy removida (todas as ações quebradas)
item;a837052d1b99e510a530426fe54bcbe5;"Consulta de Fornecedores ""Externo""";d61a92611b516910a530426fe54bcbbf;Numero documento / valor nota fiscal visible ;3dbe05a91b1de510a530426fe54bcba4;;condicao;apagada;policy removida (todas as ações quebradas)
item;a837052d1b99e510a530426fe54bcbe5;"Consulta de Fornecedores ""Externo""";d61a92611b516910a530426fe54bcbbf;Numero documento / valor nota fiscal visible ;3dbe05a91b1de510a530426fe54bcba4;;condicao;apagada;policy removida (todas as ações quebradas)
item;ab9d37c11b0d5ad0514cbaef4b4bcb23;Solicitação de reembolso de creche ou berço;01086dee1bc15610514cbaef4b4bcb9d;EY: Show MRVS;85c518911bc19ad0514cbaef4b4bcb8b;;acao;apagada;policy removida (todas as ações quebradas)
item;abad07423ba4da10924d0247f4e45a63;Envio de Novidades;bedcdf863b68da10924d0247f4e45a23;EY: Read only - Target record;e2c31fc23be4da10924d0247f4e45aaa;select_the_brand_related_to_your_request_old;acao;inativa;ação removida
item;abad07423ba4da10924d0247f4e45a63;Envio de Novidades;ffba53ce3b28da10924d0247f4e45a6a;EY: Required fields;e2c31fc23be4da10924d0247f4e45aaa;select_the_brand_related_to_your_request_old;acao;inativa;ação removida
item;b2fc94b81b09a5d0d1abda4ce54bcb5e;Reclassificação e Legalização de Adiantamentos a Colaboradores – LATAM;b4cd7ccd1b05e9d0d1abda4ce54bcb63;"EY: Make field Visible and Mandatory IF ""What pprocess is request for?"" IS ""Aborts""";acc8308d1bc1e9d0d1abda4ce54bcbf0;;acao;apagada;policy removida (todas as ações quebradas)
item;b3f428323b801610924d0247f4e45aa2;Solicitações de pagamento antecipado;e21b92cf1bc85610514cbaef4b4bcb62;EY: Hide v_minimun_characters OnLoad;a4da1e4f1bc85610514cbaef4b4bcb6c;v_minimun_characters;acao;inativa;policy removida (todas as ações quebradas)
item;b4e12da91bdc2150a530426fe54bcb1a;Informações ou dúvidas relacionadas à Férias;41e1e9e91bdc2150a530426fe54bcb7c;EY: Mandatory Fields;4de1e9e91bdc2150a530426fe54bcb13;v_have_you_already_searched_the_portals_search_engine;acao;inativa;ação removida
item;b4e12da91bdc2150a530426fe54bcb1a;Informações ou dúvidas relacionadas à Férias;41e1e9e91bdc2150a530426fe54bcb7c;EY: Mandatory Fields;05e1e9e91bdc2150a530426fe54bcb33;v_have_you_tried_searching_the_knowledge_base;acao;inativa;ação removida
item;b4e12da91bdc2150a530426fe54bcb1a;Informações ou dúvidas relacionadas à Férias;c1e1e9e91bdc2150a530426fe54bcb5c;EY: Show kb link;c9e1e9e91bdc2150a530426fe54bcb54;link_kb;acao;inativa;policy removida (todas as ações quebradas)
item;b4e12da91bdc2150a530426fe54bcb1a;Informações ou dúvidas relacionadas à Férias;c1e1e9e91bdc2150a530426fe54bcb5c;EY: Show kb link;05e1e9e91bdc2150a530426fe54bcb33;v_have_you_tried_searching_the_knowledge_base;condicao;inativa;policy removida (todas as ações quebradas)
item;b53b6c913b581a50924d0247f4e45ae7;Solicitação de Reembolso de Kit Escolar;8b669b913b9dda50924d0247f4e45a88;EY: Set visible fields;a2267f7d3b90de50924d0247f4e45ae3;;acao;apagada;ação removida
item;b81351591b08a558d1abda4ce54bcbdd;Tratamento e Regularização das Contas de FGTS;6863add91b4ca558d1abda4ce54bcb99;EY: Fields mandatory if  unification;2132e5551b4ca558d1abda4ce54bcb30;v_text_unification;acao;inativa;ação removida
item;bcb96c711b942550d1abda4ce54bcbce;Informações ou dúvidas relacionadas à Dados Pessoais;1db924b11b942550d1abda4ce54bcbdb;EY: Show kb link;c5b924b11b942550d1abda4ce54bcb6e;link_kb;acao;inativa;policy removida (todas as ações quebradas)
item;bcb96c711b942550d1abda4ce54bcbce;Informações ou dúvidas relacionadas à Dados Pessoais;1db924b11b942550d1abda4ce54bcbdb;EY: Show kb link;89b924b11b942550d1abda4ce54bcb67;v_have_you_tried_searching_the_knowledge_base;condicao;inativa;policy removida (todas as ações quebradas)
item;bcb96c711b942550d1abda4ce54bcbce;Informações ou dúvidas relacionadas à Dados Pessoais;c1b924b11b942550d1abda4ce54bcbc2;EY: Mandatory Fields;81b924b11b942550d1abda4ce54bcb48;v_have_you_already_searched_the_portals_search_engine;acao;inativa;ação removida
item;bcb96c711b942550d1abda4ce54bcbce;Informações ou dúvidas relacionadas à Dados Pessoais;c1b924b11b942550d1abda4ce54bcbc2;EY: Mandatory Fields;89b924b11b942550d1abda4ce54bcb67;v_have_you_tried_searching_the_knowledge_base;acao;inativa;ação removida
item;bd575a8f1bb8e550d1abda4ce54bcb1d;Realizar Prestação de Contas - LATAM;5e70bbdb1b7c6d50d1abda4ce54bcbca;EY: Make fields Visible and Mandatory On Load;0be75b8f1b7c2950d1abda4ce54bcbc2;v_which_country;acao;inativa;ação removida
item;bf029e5e1ba2b810a530426fe54bcb4b;Solicitação de Vale Transporte Extra;9094e9211b9ff010d1abda4ce54bcb79;"ACN - The variable set ""Transportation tickets"" and ""Request reason""  just visible for ""Request for whom"" is My request""";e3f03a161b66b810a530426fe54bcb49;;acao;apagada;ação removida
item;bff27500330dcb9098331c07ee5c7b60;Criação de Pedido de Compra ou Folha de Serviço;b0cee36033c587d098331c07ee5c7b32;Show [u_qualification_category];b1f87d96871ac714ec360e530cbb3501;u_qualification_taxonomy;acao;inativa;ação removida
item;c090328d1bc83d10a530426fe54bcbe2;"Adesão, Alteração ou Não Adesão da Previdência Privada";51f1973e1b00f550a530426fe54bcb99;EY: Accession option;edcecd5a1b84f150a530426fe54bcb28;v_in_the_case_of_no_option;acao;inativa;ação removida
item;c39b8a401bcd7910a530426fe54bcb12;Impostos e Tributos de Serviços;70a773e21bcd3910a530426fe54bcb52;EY: Hide external fields;3a24d8f21bc17910a530426fe54bcb65;v_attachment_docs_confirmation;acao;inativa;ação removida
item;c39b8a401bcd7910a530426fe54bcb12;Impostos e Tributos de Serviços;70a773e21bcd3910a530426fe54bcb52;EY: Hide external fields;31c7907a1bc17910a530426fe54bcbfa;v_docs_yes;acao;inativa;ação removida
item;c39b8a401bcd7910a530426fe54bcb12;Impostos e Tributos de Serviços;70a773e21bcd3910a530426fe54bcb52;EY: Hide external fields;1dd3dcb21bc17910a530426fe54bcb55;v_attachment_docs_info;acao;inativa;ação removida
item;c39b8a401bcd7910a530426fe54bcb12;Impostos e Tributos de Serviços;7abdec761b857910a530426fe54bcbdc;EY: Hide internal fields;67726df71bb03910a530426fe54bcb5c;;acao;apagada;ação removida
item;c7573a6f1b8f3c10a530426fe54bcb07;Logística de Ações de Aprendizagem;0041ffbf1bcf7c10a530426fe54bcb2d;"ACN: Field Request for Training Request Selection is ""Presential""";777e14881b93bc10a530426fe54bcb88;coffee_1;acao;inativa;ação removida
item;c7573a6f1b8f3c10a530426fe54bcb07;Logística de Ações de Aprendizagem;0041ffbf1bcf7c10a530426fe54bcb2d;"ACN: Field Request for Training Request Selection is ""Presential""";0e0fd0881b93bc10a530426fe54bcb7a;coffee_time_1;acao;inativa;ação removida
item;c7573a6f1b8f3c10a530426fe54bcb07;Logística de Ações de Aprendizagem;0041ffbf1bcf7c10a530426fe54bcb2d;"ACN: Field Request for Training Request Selection is ""Presential""";68dfdcc81b93bc10a530426fe54bcb4b;coffee_time_2;acao;inativa;ação removida
item;c7573a6f1b8f3c10a530426fe54bcb07;Logística de Ações de Aprendizagem;0041ffbf1bcf7c10a530426fe54bcb2d;"ACN: Field Request for Training Request Selection is ""Presential""";d6c03fbf1bcf7c10a530426fe54bcb99;room_htr;acao;inativa;ação removida
item;c7573a6f1b8f3c10a530426fe54bcb07;Logística de Ações de Aprendizagem;0041ffbf1bcf7c10a530426fe54bcb2d;"ACN: Field Request for Training Request Selection is ""Presential""";3cb02c0c1b93bc10a530426fe54bcbed;coffee_2;acao;inativa;ação removida
item;c7573a6f1b8f3c10a530426fe54bcb07;Logística de Ações de Aprendizagem;0041ffbf1bcf7c10a530426fe54bcb2d;"ACN: Field Request for Training Request Selection is ""Presential""";5862ccb71bc37c10a530426fe54bcbc3;training_type;condicao;inativa;pendência humana
item;c7573a6f1b8f3c10a530426fe54bcb07;Logística de Ações de Aprendizagem;09d9ff3b1b03bc10a530426fe54bcbe2;"ACN: Field Request for Training Request Selection is ""Online""";3979b73b1b03bc10a530426fe54bcbe2;which_platform;acao;inativa;policy removida (todas as ações quebradas)
item;c7573a6f1b8f3c10a530426fe54bcb07;Logística de Ações de Aprendizagem;09d9ff3b1b03bc10a530426fe54bcbe2;"ACN: Field Request for Training Request Selection is ""Online""";6ba9fb3b1b03bc10a530426fe54bcbb0;access_link;acao;inativa;policy removida (todas as ações quebradas)
item;c7573a6f1b8f3c10a530426fe54bcb07;Logística de Ações de Aprendizagem;09d9ff3b1b03bc10a530426fe54bcbe2;"ACN: Field Request for Training Request Selection is ""Online""";5862ccb71bc37c10a530426fe54bcbc3;training_type;condicao;inativa;policy removida (todas as ações quebradas)
item;c7573a6f1b8f3c10a530426fe54bcb07;Logística de Ações de Aprendizagem;0c8194b71b077c10a530426fe54bcb60;"ACN: Field Request for Training Request Selection is ""Other""";d903d03b1b077c10a530426fe54bcb92;type_specification_htr;acao;inativa;policy removida (todas as ações quebradas)
item;c7573a6f1b8f3c10a530426fe54bcb07;Logística de Ações de Aprendizagem;0c8194b71b077c10a530426fe54bcb60;"ACN: Field Request for Training Request Selection is ""Other""";5862ccb71bc37c10a530426fe54bcbc3;training_type;condicao;inativa;policy removida (todas as ações quebradas)
item;c7573a6f1b8f3c10a530426fe54bcb07;Logística de Ações de Aprendizagem;3ac6121f1b8121d4a530426fe54bcb16;EY: Mandatory fields;034854041b93bc10a530426fe54bcb5e;training_distribution;acao;inativa;ação removida
item;c7573a6f1b8f3c10a530426fe54bcb07;Logística de Ações de Aprendizagem;3ac6121f1b8121d4a530426fe54bcb16;EY: Mandatory fields;1fca94841b93bc10a530426fe54bcb49;educational_material;acao;inativa;ação removida
item;c7573a6f1b8f3c10a530426fe54bcb07;Logística de Ações de Aprendizagem;3ac6121f1b8121d4a530426fe54bcb16;EY: Mandatory fields;09b998441b93bc10a530426fe54bcb32;self_enroll;acao;inativa;ação removida
item;c7573a6f1b8f3c10a530426fe54bcb07;Logística de Ações de Aprendizagem;3ac6121f1b8121d4a530426fe54bcb16;EY: Mandatory fields;bdf4bbf31b03bc10a530426fe54bcb12;specific_assessment;acao;inativa;ação removida
item;c7573a6f1b8f3c10a530426fe54bcb07;Logística de Ações de Aprendizagem;3ac6121f1b8121d4a530426fe54bcb16;EY: Mandatory fields;cba794041b93bc10a530426fe54bcb02;total_training_days;acao;inativa;ação removida
item;c7573a6f1b8f3c10a530426fe54bcb07;Logística de Ações de Aprendizagem;3ac6121f1b8121d4a530426fe54bcb16;EY: Mandatory fields;5862ccb71bc37c10a530426fe54bcbc3;training_type;acao;inativa;ação removida
item;c7573a6f1b8f3c10a530426fe54bcb07;Logística de Ações de Aprendizagem;3ac6121f1b8121d4a530426fe54bcb16;EY: Mandatory fields;82e763311bf80210a530426fe54bcb47;training_type_2;acao;inativa;ação removida
item;c7573a6f1b8f3c10a530426fe54bcb07;Logística de Ações de Aprendizagem;3ac6121f1b8121d4a530426fe54bcb16;EY: Mandatory fields;0e8325ab87deb2d0017d65790cbb35be;accounting_class_number;acao;inativa;ação removida
item;c7573a6f1b8f3c10a530426fe54bcb07;Logística de Ações de Aprendizagem;3ac6121f1b8121d4a530426fe54bcb16;EY: Mandatory fields;a9adebb51b3c0210a530426fe54bcb81;programa_do_ecossistema_de_aprendizagem_trilha;acao;inativa;ação removida
item;c7573a6f1b8f3c10a530426fe54bcb07;Logística de Ações de Aprendizagem;5bd53ff31b03bc10a530426fe54bcb31;"ACN: Field Request for Specific Assessmentis is  ""Yes""";05bf3fff1b03bc10a530426fe54bcbc9;;acao;apagada;policy removida (todas as ações quebradas)
item;c7573a6f1b8f3c10a530426fe54bcb07;Logística de Ações de Aprendizagem;5bd53ff31b03bc10a530426fe54bcb31;"ACN: Field Request for Specific Assessmentis is  ""Yes""";22be45281b800110d1abda4ce54bcb68;assessment_application;acao;inativa;policy removida (todas as ações quebradas)
item;c7573a6f1b8f3c10a530426fe54bcb07;Logística de Ações de Aprendizagem;5bd53ff31b03bc10a530426fe54bcb31;"ACN: Field Request for Specific Assessmentis is  ""Yes""";5e95f3371b03bc10a530426fe54bcb67;template_attachment;acao;inativa;policy removida (todas as ações quebradas)
item;c7573a6f1b8f3c10a530426fe54bcb07;Logística de Ações de Aprendizagem;5bd53ff31b03bc10a530426fe54bcb31;"ACN: Field Request for Specific Assessmentis is  ""Yes""";3545bff31b03bc10a530426fe54bcbef;if_yes;acao;inativa;policy removida (todas as ações quebradas)
item;c7573a6f1b8f3c10a530426fe54bcb07;Logística de Ações de Aprendizagem;5bd53ff31b03bc10a530426fe54bcb31;"ACN: Field Request for Specific Assessmentis is  ""Yes""";bdf4bbf31b03bc10a530426fe54bcb12;specific_assessment;condicao;inativa;policy removida (todas as ações quebradas)
item;c7573a6f1b8f3c10a530426fe54bcb07;Logística de Ações de Aprendizagem;74a214cc1b53bc10a530426fe54bcb2a;"ACN: Field Request for Facilitation Type is ""External""";cd51e04c1b93bc10a530426fe54bcbbb;investment_value;acao;inativa;ação removida
item;c7573a6f1b8f3c10a530426fe54bcb07;Logística de Ações de Aprendizagem;74a214cc1b53bc10a530426fe54bcb2a;"ACN: Field Request for Facilitation Type is ""External""";7312904c1b53bc10a530426fe54bcb6b;provider_telephone;acao;inativa;ação removida
item;c7573a6f1b8f3c10a530426fe54bcb07;Logística de Ações de Aprendizagem;91c0b1571b6c2190a530426fe54bcbee;EY: Would you like CSC to forward the invitation? - Yes;f356a51f1b282190a530426fe54bcb7d;specific_invitation;acao;inativa;policy removida (todas as ações quebradas)
item;c7573a6f1b8f3c10a530426fe54bcb07;Logística de Ações de Aprendizagem;91c0b1571b6c2190a530426fe54bcbee;EY: Would you like CSC to forward the invitation? - Yes;865d108b1b20a950a530426fe54bcbba;invited_list;acao;inativa;policy removida (todas as ações quebradas)
item;c7573a6f1b8f3c10a530426fe54bcb07;Logística de Ações de Aprendizagem;f84c14081b93bc10a530426fe54bcbdf;"ACN: Field Request for Educational Material is  ""Yes""";8dcc9c081b93bc10a530426fe54bcbd7;;acao;apagada;policy removida (todas as ações quebradas)
item;c7573a6f1b8f3c10a530426fe54bcb07;Logística de Ações de Aprendizagem;f84c14081b93bc10a530426fe54bcbdf;"ACN: Field Request for Educational Material is  ""Yes""";10eb5cc41b93bc10a530426fe54bcb01;attach_educational_material;acao;inativa;policy removida (todas as ações quebradas)
item;c7573a6f1b8f3c10a530426fe54bcb07;Logística de Ações de Aprendizagem;f84c14081b93bc10a530426fe54bcbdf;"ACN: Field Request for Educational Material is  ""Yes""";1fca94841b93bc10a530426fe54bcb49;educational_material;condicao;inativa;policy removida (todas as ações quebradas)
item;cc899fa41b709a50514cbaef4b4bcbeb;Solicitação de Reembolso Escolar;d905d4381b389a50514cbaef4b4bcbcc;EY: Show multirow;e73efbac1b749a50514cbaef4b4bcb4d;;acao;apagada;policy removida (todas as ações quebradas)
item;d131c8533b6b6ad0924d0247f4e45aa1;"Beneficiamento, Sucatas e Resíduos: Envio de informações, solicitações e dúvidas de clientes";fcff7e1b3b27ead0924d0247f4e45aba;EY: Read only fields ;125db21f3be3ead0924d0247f4e45a1c;attach_comprovantes;acao;inativa;ação removida
item;d1d9642487477e10ec360e530cbb358f;Indicadores;dd72b9608787fe10ec360e530cbb35d7;EY: Check if solicitation is data entry;e4b7732333cbf29098331c07ee5c7b2f;v_data_required_for_adherence_indicator_2;acao;inativa;ação removida
item;d1d9642487477e10ec360e530cbb358f;Indicadores;dd72b9608787fe10ec360e530cbb35d7;EY: Check if solicitation is data entry;7e273f67338bf29098331c07ee5c7b54;v_data_required_for_adherence_indicator_label;acao;inativa;ação removida
item;d1d9642487477e10ec360e530cbb358f;Indicadores;e8c1a9688743fe10ec360e530cbb356a;EY -  Set RP variables;e4b7732333cbf29098331c07ee5c7b2f;v_data_required_for_adherence_indicator_2;acao;inativa;ação removida
item;d1d9642487477e10ec360e530cbb358f;Indicadores;e8c1a9688743fe10ec360e530cbb356a;EY -  Set RP variables;7e273f67338bf29098331c07ee5c7b54;v_data_required_for_adherence_indicator_label;acao;inativa;ação removida
item;d3cfa71c1bff99d0d1abda4ce54bcb7d;Consulta/aplicação de pagamento;7769f4601bf31dd0d1abda4ce54bcb6d;EY: Show Select Franchisee;1b64bf9c1b33d9d0d1abda4ce54bcb19;;condicao;apagada;pendência humana
item;d3cfa71c1bff99d0d1abda4ce54bcb7d;Consulta/aplicação de pagamento;a5a974a81bf31dd0d1abda4ce54bcb11;EY: Show Select Representative;1b64bf9c1b33d9d0d1abda4ce54bcb19;;condicao;apagada;pendência humana
item;d3cfa71c1bff99d0d1abda4ce54bcb7d;Consulta/aplicação de pagamento;e357b0a01bf31dd0d1abda4ce54bcb0b;EY: Show Select Consultant;1b64bf9c1b33d9d0d1abda4ce54bcb19;;condicao;apagada;pendência humana
item;d4ef72761bef5d50a530426fe54bcbd5;Criação de Novo Cargo;75c73a321b77d594a530426fe54bcb85;EY: Fields mandatory - Creation of New Position;473f19e71be79990a530426fe54bcb84;v_attachment;acao;inativa;ação removida
item;d6e0b54a1bd0e950a530426fe54bcbca;Solicitação de Pagamento Sindical (taxas e boletos);114a318e1b94e950a530426fe54bcb32;EY: Mandatory if Holiday;7567bdc61b54e950a530426fe54bcbf4;v_more_holiday_dates;acao;inativa;ação removida
item;d6e0b54a1bd0e950a530426fe54bcbca;Solicitação de Pagamento Sindical (taxas e boletos);114a318e1b94e950a530426fe54bcb32;EY: Mandatory if Holiday;86b5bd821b54e950a530426fe54bcb79;v_holiday_date;acao;inativa;ação removida
item;d6e0b54a1bd0e950a530426fe54bcbca;Solicitação de Pagamento Sindical (taxas e boletos);23ab3d461bd4e950a530426fe54bcb78;EY: Mandatory if Sunday or Holiday and more date is Yes;39f57d061b54e950a530426fe54bcb24;;acao;apagada;policy removida (todas as ações quebradas)
item;d6e0b54a1bd0e950a530426fe54bcbca;Solicitação de Pagamento Sindical (taxas e boletos);23ab3d461bd4e950a530426fe54bcb78;EY: Mandatory if Sunday or Holiday and more date is Yes;7567bdc61b54e950a530426fe54bcbf4;v_more_holiday_dates;condicao;inativa;policy removida (todas as ações quebradas)
item;d6e0b54a1bd0e950a530426fe54bcbca;Solicitação de Pagamento Sindical (taxas e boletos);23ab3d461bd4e950a530426fe54bcb78;EY: Mandatory if Sunday or Holiday and more date is Yes;9146f9861b54e950a530426fe54bcbbe;v_more_sunday;condicao;inativa;policy removida (todas as ações quebradas)
item;d6e0b54a1bd0e950a530426fe54bcbca;Solicitação de Pagamento Sindical (taxas e boletos);8bce4d1a1b242d10a530426fe54bcb06;EY: Field more colab;39f57d061b54e950a530426fe54bcb24;;acao;apagada;ação removida
item;d6e0b54a1bd0e950a530426fe54bcbca;Solicitação de Pagamento Sindical (taxas e boletos);8bce4d1a1b242d10a530426fe54bcb06;EY: Field more colab;d52bb384873a5a50ec360e530cbb35db;;acao;apagada;ação removida
item;d6e0b54a1bd0e950a530426fe54bcbca;Solicitação de Pagamento Sindical (taxas e boletos);e55bf9c21bd4e950a530426fe54bcb0e;EY: Mandatory if Sunday worked;9146f9861b54e950a530426fe54bcbbe;v_more_sunday;acao;inativa;ação removida
item;d6e0b54a1bd0e950a530426fe54bcbca;Solicitação de Pagamento Sindical (taxas e boletos);e55bf9c21bd4e950a530426fe54bcb0e;EY: Mandatory if Sunday worked;6da779ca1b54e950a530426fe54bcbdd;v_date_of_sunday_worked;acao;inativa;ação removida
item;d9a39a1e1b2ab810d1abda4ce54bcb4b;"Alteração de Vale Refeição - VR, Alimentação - VA";3183ec201b141110d1abda4ce54bcbf7;ACN: Option Type is Accession;d5a017c31be70510a530426fe54bcbb1;;acao;apagada;policy removida (todas as ações quebradas)
item;d9a39a1e1b2ab810d1abda4ce54bcb4b;"Alteração de Vale Refeição - VR, Alimentação - VA";d696e50b1bc96d54d1abda4ce54bcb99;EY: Mandatory fields;a8c35f831b31c510d1abda4ce54bcb75;address_delivery;acao;inativa;ação removida
item;d9a39a1e1b2ab810d1abda4ce54bcb4b;"Alteração de Vale Refeição - VR, Alimentação - VA";d696e50b1bc96d54d1abda4ce54bcb99;EY: Mandatory fields;924621881bc24110a530426fe54bcb7d;number_vt;acao;inativa;ação removida
item;d9a39a1e1b2ab810d1abda4ce54bcb4b;"Alteração de Vale Refeição - VR, Alimentação - VA";d696e50b1bc96d54d1abda4ce54bcb99;EY: Mandatory fields;e6e621c81bc24110a530426fe54bcb0e;city;acao;inativa;ação removida
item;d9a39a1e1b2ab810d1abda4ce54bcb4b;"Alteração de Vale Refeição - VR, Alimentação - VA";d696e50b1bc96d54d1abda4ce54bcb99;EY: Mandatory fields;a607a5881bc24110a530426fe54bcb99;x_state;acao;inativa;ação removida
item;d9a39a1e1b2ab810d1abda4ce54bcb4b;"Alteração de Vale Refeição - VR, Alimentação - VA";d696e50b1bc96d54d1abda4ce54bcb99;EY: Mandatory fields;37c6a1881bc24110a530426fe54bcb49;zip_code;acao;inativa;ação removida
item;db5be02a1b152150d1abda4ce54bcbca;Pagamento de Pré-edição;1297a82c1ba161d0a530426fe54bcb57;EY: Read Only Variables;65c549651b99e510a530426fe54bcb58;;acao;apagada;policy removida (todas as ações quebradas)
item;db5be02a1b152150d1abda4ce54bcbca;Pagamento de Pré-edição;1297a82c1ba161d0a530426fe54bcb57;EY: Read Only Variables;e8c645691b99e510a530426fe54bcb60;;acao;apagada;policy removida (todas as ações quebradas)
item;db5be02a1b152150d1abda4ce54bcbca;Pagamento de Pré-edição;1297a82c1ba161d0a530426fe54bcb57;EY: Read Only Variables;1e8472371bd5ad50a530426fe54bcb5e;;acao;apagada;policy removida (todas as ações quebradas)
item;db5be02a1b152150d1abda4ce54bcbca;Pagamento de Pré-edição;ab17fe371b19ad50a530426fe54bcb58;Variavies Obrigatorias ;8aef4e611b9d2910a530426fe54bcb46;v_is_your_request_for_which_company;acao;inativa;ação removida
item;db5be02a1b152150d1abda4ce54bcbca;Pagamento de Pré-edição;ab17fe371b19ad50a530426fe54bcb58;Variavies Obrigatorias ;aa0da2a91b956910a530426fe54bcbd3;v_attachment;acao;inativa;ação removida
item;db5be02a1b152150d1abda4ce54bcbca;Pagamento de Pré-edição;ab17fe371b19ad50a530426fe54bcb58;Variavies Obrigatorias ;24915aa91b9d2910a530426fe54bcb71;v_which_sub_company_is_the_service_for;acao;inativa;ação removida
item;db9c46e71bdd2910d1abda4ce54bcb0e;"Solicitar Criação de Pedido de Compra, Folha de Serviço e Aceite de Folha de Serviço";4bc49c341b394690a530426fe54bcbf3;"EY: Make visible and mandatory de ""Centro Natura"" field";f8f154301b394690a530426fe54bcbd9;centro_natura;acao;inativa;policy removida (todas as ações quebradas)
item;db9c46e71bdd2910d1abda4ce54bcb0e;"Solicitar Criação de Pedido de Compra, Folha de Serviço e Aceite de Folha de Serviço";a64741e01b61a1d0a530426fe54bcb6a;EY: Read-Only FIelds - Service Sheet - Provider's Email - Resolver View;0b1c9cec1b2d21d0a530426fe54bcb16;sheet_provider_email;acao;inativa;ação removida
item;db9c46e71bdd2910d1abda4ce54bcb0e;"Solicitar Criação de Pedido de Compra, Folha de Serviço e Aceite de Folha de Serviço";f5c6c1601b61a1d0a530426fe54bcbbc;EY: Read-Only FIelds - Resolver View;f8f154301b394690a530426fe54bcbd9;centro_natura;acao;inativa;ação removida
item;db9c46e71bdd2910d1abda4ce54bcb0e;"Solicitar Criação de Pedido de Compra, Folha de Serviço e Aceite de Folha de Serviço";f920b8e01ba561d0a530426fe54bcb59;EY: Mandatory FIelds - Service Sheet - Provider's Email - Catalog Item View;0b1c9cec1b2d21d0a530426fe54bcb16;sheet_provider_email;acao;inativa;policy removida (todas as ações quebradas)
item;dc0f75b81bb39114d1abda4ce54bcba5;Relatar erros ou ajustes no acesso ADP;9bd260f71bf399d4d1abda4ce54bcb8f;EY: When the employee is Avon;3ba2423c1bf39114d1abda4ce54bcb94;v_is_your_problem_exclusively_in_accessing_the_adp_system;condicao;inativa;pendência humana
item;dc0f75b81bb39114d1abda4ce54bcba5;Relatar erros ou ajustes no acesso ADP;dc55c0a51b7b9d14d1abda4ce54bcbeb;"EY: When ""your problem is in ADP"" for Natura, TBS and Aesop";3ba2423c1bf39114d1abda4ce54bcb94;v_is_your_problem_exclusively_in_accessing_the_adp_system;condicao;inativa;pendência humana
item;dc0f75b81bb39114d1abda4ce54bcba5;Relatar erros ou ajustes no acesso ADP;dc55c0a51b7b9d14d1abda4ce54bcbeb;"EY: When ""your problem is in ADP"" for Natura, TBS and Aesop";3ba2423c1bf39114d1abda4ce54bcb94;v_is_your_problem_exclusively_in_accessing_the_adp_system;condicao;inativa;pendência humana
item;dc0f75b81bb39114d1abda4ce54bcba5;Relatar erros ou ajustes no acesso ADP;e5ab84b31bb3d5d4a530426fe54bcbde;EY: When the employee is Natura or TBS;3ba2423c1bf39114d1abda4ce54bcb94;v_is_your_problem_exclusively_in_accessing_the_adp_system;condicao;inativa;pendência humana
item;de3a6bbe1b4fb910a530426fe54bcb8c;"Adesão, inclusão ou exclusão dos Benefícios de Assistência Médica e Odontológica";017e8e0f1b73f510a530426fe54bcb0a;Show Refund information;887c66921baeb810d1abda4ce54bcb34;;acao;apagada;ação removida
item;de3a6bbe1b4fb910a530426fe54bcb8c;"Adesão, inclusão ou exclusão dos Benefícios de Assistência Médica e Odontológica";017e8e0f1b73f510a530426fe54bcb0a;Show Refund information;fa3aebbe1b4fb910a530426fe54bcb15;enter_dependent;acao;inativa;ação removida
item;de3a6bbe1b4fb910a530426fe54bcb8c;"Adesão, inclusão ou exclusão dos Benefícios de Assistência Médica e Odontológica";177521531b63b910a530426fe54bcb80;Ocultar variables sets - Seção 8;4f57fc031b6ff510a530426fe54bcb9f;;acao;apagada;policy removida (todas as ações quebradas)
item;de3a6bbe1b4fb910a530426fe54bcb8c;"Adesão, inclusão ou exclusão dos Benefícios de Assistência Médica e Odontológica";1a92211b1b23b910a530426fe54bcb9b;Ocultar variables sets - Seção 3;b8d8904b1b2bf510a530426fe54bcb42;;acao;apagada;policy removida (todas as ações quebradas)
item;de3a6bbe1b4fb910a530426fe54bcb8c;"Adesão, inclusão ou exclusão dos Benefícios de Assistência Médica e Odontológica";2c06ed531b63b910a530426fe54bcb6f;Ocultar variables sets - Seção 10;aaac788f1b6ff510a530426fe54bcb21;;acao;apagada;policy removida (todas as ações quebradas)
item;de3a6bbe1b4fb910a530426fe54bcb8c;"Adesão, inclusão ou exclusão dos Benefícios de Assistência Médica e Odontológica";3274ad5f1b23b910a530426fe54bcbf9;Ocultar variables sets - Seção 5;1ede6c0f1bebf510a530426fe54bcb77;;acao;apagada;policy removida (todas as ações quebradas)
item;de3a6bbe1b4fb910a530426fe54bcb8c;"Adesão, inclusão ou exclusão dos Benefícios de Assistência Médica e Odontológica";633a2fbe1b4fb910a530426fe54bcb8e;ACN when the varibale set Dependent Data is show;374a53851b550510d1abda4ce54bcb1c;;acao;apagada;ação removida
item;de3a6bbe1b4fb910a530426fe54bcb8c;"Adesão, inclusão ou exclusão dos Benefícios de Assistência Médica e Odontológica";673a2fbe1b4fb910a530426fe54bcb63;"ACN: Show dependents rule, when is dental care";0b3aebbe1b4fb910a530426fe54bcbbd;rule_inclusion_dependent;acao;inativa;policy removida (todas as ações quebradas)
item;de3a6bbe1b4fb910a530426fe54bcb8c;"Adesão, inclusão ou exclusão dos Benefícios de Assistência Médica e Odontológica";673a2fbe1b4fb910a530426fe54bcb63;"ACN: Show dependents rule, when is dental care";be3aebbe1b4fb910a530426fe54bcb49;rule_inclusion_dependent_odont;acao;inativa;policy removida (todas as ações quebradas)
item;de3a6bbe1b4fb910a530426fe54bcb8c;"Adesão, inclusão ou exclusão dos Benefícios de Assistência Médica e Odontológica";69d2168b1bb3f510a530426fe54bcb66;Default;e18f44841bb7fd10a530426fe54bcb01;veracity_information;acao;inativa;policy removida (todas as ações quebradas)
item;de3a6bbe1b4fb910a530426fe54bcb8c;"Adesão, inclusão ou exclusão dos Benefícios de Assistência Médica e Odontológica";69d2168b1bb3f510a530426fe54bcb66;Default;ba3aebbe1b4fb910a530426fe54bcb37;request_date;acao;inativa;policy removida (todas as ações quebradas)
item;de3a6bbe1b4fb910a530426fe54bcb8c;"Adesão, inclusão ou exclusão dos Benefícios de Assistência Médica e Odontológica";933a2fbe1b4fb910a530426fe54bcb23;ACN: registration option is change;4b3aebbe1b4fb910a530426fe54bcbc8;auth_discount;acao;inativa;ação removida
item;de3a6bbe1b4fb910a530426fe54bcb8c;"Adesão, inclusão ou exclusão dos Benefícios de Assistência Médica e Odontológica";933a2fbe1b4fb910a530426fe54bcb23;ACN: registration option is change;8b3aebbe1b4fb910a530426fe54bcb66;plans_medica;acao;inativa;ação removida
item;de3a6bbe1b4fb910a530426fe54bcb8c;"Adesão, inclusão ou exclusão dos Benefícios de Assistência Médica e Odontológica";b6c5a9531b63b910a530426fe54bcb47;Ocultar variables sets - Seção 9;836ab40b1b6ff510a530426fe54bcb94;;acao;apagada;policy removida (todas as ações quebradas)
item;de3a6bbe1b4fb910a530426fe54bcb8c;"Adesão, inclusão ou exclusão dos Benefícios de Assistência Médica e Odontológica";bf3a2fbe1b4fb910a530426fe54bcbe4;EY: Mandatory fields;4b3aebbe1b4fb910a530426fe54bcbc8;auth_discount;acao;inativa;ação removida
item;de3a6bbe1b4fb910a530426fe54bcb8c;"Adesão, inclusão ou exclusão dos Benefícios de Assistência Médica e Odontológica";cd25a9df1b23b910a530426fe54bcbc0;Ocultar variables sets - Seção 7;4cc5304f1b2ff510a530426fe54bcb33;;acao;apagada;policy removida (todas as ações quebradas)
item;de3a6bbe1b4fb910a530426fe54bcb8c;"Adesão, inclusão ou exclusão dos Benefícios de Assistência Médica e Odontológica";d73a2fbe1b4fb910a530426fe54bcb4c;"ACN If   registration_option is cancelation,  want to insert dependents is no show";4b3aebbe1b4fb910a530426fe54bcbc8;auth_discount;acao;inativa;ação removida
item;de3a6bbe1b4fb910a530426fe54bcb8c;"Adesão, inclusão ou exclusão dos Benefícios de Assistência Médica e Odontológica";d73e21f21b27b510a530426fe54bcbf0;Ocultar variables sets - dependente 1;d5955e191b6bb5d0d1abda4ce54bcb77;;acao;apagada;policy removida (todas as ações quebradas)
item;de3a6bbe1b4fb910a530426fe54bcb8c;"Adesão, inclusão ou exclusão dos Benefícios de Assistência Médica e Odontológica";e33a2fbe1b4fb910a530426fe54bcb84;"ACN: Show fields ""want_insert_dependents  = yes""";354c0fb01b884110d1abda4ce54bcba8;;acao;apagada;ação removida
item;de3a6bbe1b4fb910a530426fe54bcb8c;"Adesão, inclusão ou exclusão dos Benefícios de Assistência Médica e Odontológica";e4507df61b27b510a530426fe54bcbb4;Ocultar variables sets - Pasta 2;d5a2ddb21bef7510a530426fe54bcbc8;;acao;apagada;policy removida (todas as ações quebradas)
item;de3a6bbe1b4fb910a530426fe54bcb8c;"Adesão, inclusão ou exclusão dos Benefícios de Assistência Médica e Odontológica";e9d421df1b23b910a530426fe54bcbf7;Ocultar variables sets - Seção 6;2f333cc71b2ff510a530426fe54bcb65;;acao;apagada;policy removida (todas as ações quebradas)
item;de3a6bbe1b4fb910a530426fe54bcb8c;"Adesão, inclusão ou exclusão dos Benefícios de Assistência Médica e Odontológica";ef3a2fbe1b4fb910a530426fe54bcb97;"ACN: Show dependents rule, when is health care";0b3aebbe1b4fb910a530426fe54bcbbd;rule_inclusion_dependent;acao;inativa;policy removida (todas as ações quebradas)
item;de3a6bbe1b4fb910a530426fe54bcb8c;"Adesão, inclusão ou exclusão dos Benefícios de Assistência Médica e Odontológica";ef3a2fbe1b4fb910a530426fe54bcb97;"ACN: Show dependents rule, when is health care";7e3aebbe1b4fb910a530426fe54bcb2e;rule_inclusion_dependent_medical;acao;inativa;policy removida (todas as ações quebradas)
item;de3a6bbe1b4fb910a530426fe54bcb8c;"Adesão, inclusão ou exclusão dos Benefícios de Assistência Médica e Odontológica";f504e15f1b23b910a530426fe54bcbaa;Ocultar variables sets - Seção 4;aca924831bebf510a530426fe54bcbfd;;acao;apagada;policy removida (todas as ações quebradas)
item;e07accd81bcdb910a530426fe54bcbed;Cadastro preço Brasil/Cadastro de preço exportação;e67234e41b4d3d10a530426fe54bcb87;EY: Mandatory fields;9b1920e41b0d3d10a530426fe54bcb4f;vs_which_company_is_the_request_for;set_nao_usado;set_nao_usado;ação removida
item;e58c5dad1b5c2150a530426fe54bcb64;Informações ou dúvidas relacionadas à Declarações;bd8c9dad1b5c2150a530426fe54bcb06;EY: Show kb link;fd8c5dad1b5c2150a530426fe54bcbe3;link_kb;acao;inativa;policy removida (todas as ações quebradas)
item;e58c5dad1b5c2150a530426fe54bcb64;Informações ou dúvidas relacionadas à Declarações;bd8c9dad1b5c2150a530426fe54bcb06;EY: Show kb link;718c5dad1b5c2150a530426fe54bcbcb;v_have_you_tried_searching_the_knowledge_base;condicao;inativa;policy removida (todas as ações quebradas)
item;e58c5dad1b5c2150a530426fe54bcb64;Informações ou dúvidas relacionadas à Declarações;bd8c9dad1b5c2150a530426fe54bcb0d;EY: Mandatory Fields;698c5dad1b5c2150a530426fe54bcba5;v_have_you_already_searched_the_portals_search_engine;acao;inativa;ação removida
item;e58c5dad1b5c2150a530426fe54bcb64;Informações ou dúvidas relacionadas à Declarações;bd8c9dad1b5c2150a530426fe54bcb0d;EY: Mandatory Fields;718c5dad1b5c2150a530426fe54bcbcb;v_have_you_tried_searching_the_knowledge_base;acao;inativa;ação removida
item;ed9d69b187708b10ec360e530cbb35fe;Solicitar Estudos de Aplicações/Regras de Convenção Coletiva de Trabalho (CCTs);b8d41279873c8b10ec360e530cbb356d;EY: Mandatory Fields;e2aece7187f88b10ec360e530cbb35e7;;acao;apagada;ação removida
item;f12b20081b482dd4a530426fe54bcb40;Solicitar Cancelamento de Férias Programadas;0e9378041b0c2dd4a530426fe54bcb7d;EY: If my team;3affe4401bc82dd4a530426fe54bcb81;;acao;apagada;ação removida
item;f12b20081b482dd4a530426fe54bcb40;Solicitar Cancelamento de Férias Programadas;0e9378041b0c2dd4a530426fe54bcb7d;EY: If my team;3affe4401bc82dd4a530426fe54bcb81;;acao;apagada;ação removida
item;f12b20081b482dd4a530426fe54bcb40;Solicitar Cancelamento de Férias Programadas;49a21bbf1b452dd4a530426fe54bcb5e;EY: Field personal information;2d0e68c41b882dd4a530426fe54bcbce;v_cont_satrt_cancellation_vacations;acao;inativa;ação removida
item;f228b1371b743910a530426fe54bcbcd;Remessa para Troca em Garantia;fdfdceb71bf43910a530426fe54bcbb1;EY: Mandatory ;bdecc2f31bf43910a530426fe54bcb20;v_which_company_is_the_request_for;acao;inativa;ação removida
item;f662d29e1ba2b810a530426fe54bcb8b;Reembolso Auxílio Creche ou Babá;3ffb0d961b7eb810a530426fe54bcba2;" ACN: Make the field ""Daycare Nanny Assistance Newsletter"" visible when ""Types of Assistance / Reimbursement"" is ""Nursery"" or ""Babysitter""";8676cd121b7eb810a530426fe54bcba3;daycare_nanny_assistance_newsletter;acao;inativa;ação removida
item;f662d29e1ba2b810a530426fe54bcb8b;Reembolso Auxílio Creche ou Babá;3ffb0d961b7eb810a530426fe54bcba2;" ACN: Make the field ""Daycare Nanny Assistance Newsletter"" visible when ""Types of Assistance / Reimbursement"" is ""Nursery"" or ""Babysitter""";cafa6a5e1b26b810a530426fe54bcbf2;types_of_assistance_reimbursement;condicao;inativa;pendência humana
item;f662d29e1ba2b810a530426fe54bcb8b;Reembolso Auxílio Creche ou Babá;88ccc9961b7eb810a530426fe54bcb71;" ACN: Make the field ""Daycare Nanny Assistance Newsletter"" visible when ""Types of Assistance / Reimbursement"" is ""Exceptional""";cafa6a5e1b26b810a530426fe54bcbf2;types_of_assistance_reimbursement;condicao;inativa;pendência humana
item;f662d29e1ba2b810a530426fe54bcb8b;Reembolso Auxílio Creche ou Babá;8e527b3f1b816dd4a530426fe54bcb6d;EY: Mandatory fields;5a0ea6521b66b810a530426fe54bcbde;receipt_types;acao;inativa;ação removida
item;f662d29e1ba2b810a530426fe54bcb8b;Reembolso Auxílio Creche ou Babá;8e527b3f1b816dd4a530426fe54bcb6d;EY: Mandatory fields;cafa6a5e1b26b810a530426fe54bcbf2;types_of_assistance_reimbursement;acao;inativa;ação removida
item;f8ba73ef1b444610d1abda4ce54bcba0;Seguro de Vida Complementar;09db44811b904e10d1abda4ce54bcb3b;"EY: Resolver View - ""Do you want to add beneficiaries?"" = NO";3328c6541b544a10a530426fe54bcb1b;label_beneficiary_no;acao;inativa;policy removida (todas as ações quebradas)
item;f8ba73ef1b444610d1abda4ce54bcba0;Seguro de Vida Complementar;0fbcfbc78784c350ec360e530cbb35ef;Aoop: Show Questions dps related to conjuge when there is a conjuge available ;d636e76487080b94ec360e530cbb359f;;acao;apagada;ação removida
item;f8ba73ef1b444610d1abda4ce54bcba0;Seguro de Vida Complementar;213e39e81bd88a10d1abda4ce54bcb9f;"EY: ""Reason for retirement"" = Invalidity";fb410ad41b144a10a530426fe54bcba6;cause_of_invalidity_retirement;acao;inativa;policy removida (todas as ações quebradas)
item;f8ba73ef1b444610d1abda4ce54bcba0;Seguro de Vida Complementar;213e39e81bd88a10d1abda4ce54bcb9f;"EY: ""Reason for retirement"" = Invalidity";7de082d41b144a10a530426fe54bcb22;reason_for_retirement;condicao;inativa;policy removida (todas as ações quebradas)
item;f8ba73ef1b444610d1abda4ce54bcba0;Seguro de Vida Complementar;3d7a04011b904e10d1abda4ce54bcbc3;"EY: Resolver View - Type of Request = ""Enrollment in supplementary life insurance"" ";d636e76487080b94ec360e530cbb359f;;acao;apagada;ação removida
item;f8ba73ef1b444610d1abda4ce54bcba0;Seguro de Vida Complementar;5bdd319c1bd04a10a530426fe54bcb8a;EY: Foreigner = YES and resides in Brazil =NO;cbd139581b904a10a530426fe54bcbce;include_number_and_nature_of_the_identification_document;acao;inativa;policy removida (todas as ações quebradas)
item;f8ba73ef1b444610d1abda4ce54bcba0;Seguro de Vida Complementar;5bdd319c1bd04a10a530426fe54bcb8a;EY: Foreigner = YES and resides in Brazil =NO;bf92f11c1b904a10a530426fe54bcb89;issuing_body;acao;inativa;policy removida (todas as ações quebradas)
item;f8ba73ef1b444610d1abda4ce54bcba0;Seguro de Vida Complementar;5bdd319c1bd04a10a530426fe54bcb8a;EY: Foreigner = YES and resides in Brazil =NO;dc5f3d141b144a10a530426fe54bcbeb;label_use_passport;acao;inativa;policy removida (todas as ações quebradas)
item;f8ba73ef1b444610d1abda4ce54bcba0;Seguro de Vida Complementar;5bdd319c1bd04a10a530426fe54bcb8a;EY: Foreigner = YES and resides in Brazil =NO;f661f9181b904a10a530426fe54bcb63;are_you_a_resident_of_brazil;condicao;inativa;policy removida (todas as ações quebradas)
item;f8ba73ef1b444610d1abda4ce54bcba0;Seguro de Vida Complementar;5bdd319c1bd04a10a530426fe54bcb8a;EY: Foreigner = YES and resides in Brazil =NO;f99171181b904a10a530426fe54bcb80;are_you_a_foreigner;condicao;inativa;policy removida (todas as ações quebradas)
item;f8ba73ef1b444610d1abda4ce54bcba0;Seguro de Vida Complementar;62edb52c1bd88a10d1abda4ce54bcbea;"EY: ""Are you a retired person?"" = YES";7de082d41b144a10a530426fe54bcb22;reason_for_retirement;acao;inativa;policy removida (todas as ações quebradas)
item;f8ba73ef1b444610d1abda4ce54bcba0;Seguro de Vida Complementar;62edb52c1bd88a10d1abda4ce54bcbea;"EY: ""Are you a retired person?"" = YES";57c00ed41b144a10a530426fe54bcbfd;are_you_a_retired_person;condicao;inativa;policy removida (todas as ações quebradas)
item;f8ba73ef1b444610d1abda4ce54bcba0;Seguro de Vida Complementar;6abb04811b904e10d1abda4ce54bcbe2;"EY:  Resolver View - ""Do you want to add beneficiaries?"" = YES";e6376db21b23f010d1abda4ce54bcbd0;;acao;apagada;policy removida (todas as ações quebradas)
item;f8ba73ef1b444610d1abda4ce54bcba0;Seguro de Vida Complementar;6abb04811b904e10d1abda4ce54bcbe2;"EY:  Resolver View - ""Do you want to add beneficiaries?"" = YES";2fd706541b544a10a530426fe54bcbbe;label_beneficiary_yes;acao;inativa;policy removida (todas as ações quebradas)
item;f8ba73ef1b444610d1abda4ce54bcba0;Seguro de Vida Complementar;8feb44811b904e10d1abda4ce54bcb49;"EY:  Resolver View - ""Are you a retired person?"" = YES";7de082d41b144a10a530426fe54bcb22;reason_for_retirement;acao;inativa;policy removida (todas as ações quebradas)
item;f8ba73ef1b444610d1abda4ce54bcba0;Seguro de Vida Complementar;8feb44811b904e10d1abda4ce54bcb49;"EY:  Resolver View - ""Are you a retired person?"" = YES";57c00ed41b144a10a530426fe54bcbfd;are_you_a_retired_person;condicao;inativa;policy removida (todas as ações quebradas)
item;f8ba73ef1b444610d1abda4ce54bcba0;Seguro de Vida Complementar;93aef56c1bd88a10d1abda4ce54bcb92;"EY: ""Do you want to add beneficiaries?"" = NO";3328c6541b544a10a530426fe54bcb1b;label_beneficiary_no;acao;inativa;policy removida (todas as ações quebradas)
item;f8ba73ef1b444610d1abda4ce54bcba0;Seguro de Vida Complementar;a4d912d81bd44a10a530426fe54bcb01;"EY: Type of Request = ""Enrollment in supplementary life insurance""";c6420e581b144a10a530426fe54bcb61;label_payroll_discount;acao;inativa;ação removida
item;f8ba73ef1b444610d1abda4ce54bcba0;Seguro de Vida Complementar;a4d912d81bd44a10a530426fe54bcb01;"EY: Type of Request = ""Enrollment in supplementary life insurance""";f99171181b904a10a530426fe54bcb80;are_you_a_foreigner;acao;inativa;ação removida
item;f8ba73ef1b444610d1abda4ce54bcba0;Seguro de Vida Complementar;a4d912d81bd44a10a530426fe54bcb01;"EY: Type of Request = ""Enrollment in supplementary life insurance""";b83f42d01b944a10a530426fe54bcbf9;label_i_am_aware_and_agree;acao;inativa;ação removida
item;f8ba73ef1b444610d1abda4ce54bcba0;Seguro de Vida Complementar;a4d912d81bd44a10a530426fe54bcb01;"EY: Type of Request = ""Enrollment in supplementary life insurance""";51bfbba71b844610d1abda4ce54bcb55;select_the_corresponding_option;acao;inativa;ação removida
item;f8ba73ef1b444610d1abda4ce54bcba0;Seguro de Vida Complementar;a4d912d81bd44a10a530426fe54bcb01;"EY: Type of Request = ""Enrollment in supplementary life insurance""";0c419a981b944a10a530426fe54bcb50;label_protocol_clock;acao;inativa;ação removida
item;f8ba73ef1b444610d1abda4ce54bcba0;Seguro de Vida Complementar;a4d912d81bd44a10a530426fe54bcb01;"EY: Type of Request = ""Enrollment in supplementary life insurance""";e68f06941b944a10a530426fe54bcb68;label_terms_contractual_conditions;acao;inativa;ação removida
item;f8ba73ef1b444610d1abda4ce54bcba0;Seguro de Vida Complementar;a4d912d81bd44a10a530426fe54bcb01;"EY: Type of Request = ""Enrollment in supplementary life insurance""";57c00ed41b144a10a530426fe54bcbfd;are_you_a_retired_person;acao;inativa;ação removida
item;f8ba73ef1b444610d1abda4ce54bcba0;Seguro de Vida Complementar;a4d912d81bd44a10a530426fe54bcb01;"EY: Type of Request = ""Enrollment in supplementary life insurance""";bf6006d41b144a10a530426fe54bcb32;politically_exposed_person;acao;inativa;ação removida
item;f8ba73ef1b444610d1abda4ce54bcba0;Seguro de Vida Complementar;a4d912d81bd44a10a530426fe54bcb01;"EY: Type of Request = ""Enrollment in supplementary life insurance""";4f8f1ce91b2fc950a530426fe54bcb6d;;acao;apagada;ação removida
item;f8ba73ef1b444610d1abda4ce54bcba0;Seguro de Vida Complementar;a4d912d81bd44a10a530426fe54bcb01;"EY: Type of Request = ""Enrollment in supplementary life insurance""";8b4046941b144a10a530426fe54bcbdd;label_politically_exposed;acao;inativa;ação removida
item;f8ba73ef1b444610d1abda4ce54bcba0;Seguro de Vida Complementar;a4d912d81bd44a10a530426fe54bcb01;"EY: Type of Request = ""Enrollment in supplementary life insurance""";f661f9181b904a10a530426fe54bcb63;are_you_a_resident_of_brazil;acao;inativa;ação removida
item;f8ba73ef1b444610d1abda4ce54bcba0;Seguro de Vida Complementar;ba9b84811b904e10d1abda4ce54bcb9f;"EY: Resolver View - ""Reason for retirement"" = Invalidity";fb410ad41b144a10a530426fe54bcba6;cause_of_invalidity_retirement;acao;inativa;policy removida (todas as ações quebradas)
item;f8ba73ef1b444610d1abda4ce54bcba0;Seguro de Vida Complementar;ba9b84811b904e10d1abda4ce54bcb9f;"EY: Resolver View - ""Reason for retirement"" = Invalidity";7de082d41b144a10a530426fe54bcb22;reason_for_retirement;condicao;inativa;policy removida (todas as ações quebradas)
item;f8ba73ef1b444610d1abda4ce54bcba0;Seguro de Vida Complementar;c67eb16c1bd88a10d1abda4ce54bcbba;"EY: ""Do you want to add beneficiaries?"" = YES";e6376db21b23f010d1abda4ce54bcbd0;;acao;apagada;ação removida
item;f8ba73ef1b444610d1abda4ce54bcba0;Seguro de Vida Complementar;c67eb16c1bd88a10d1abda4ce54bcbba;"EY: ""Do you want to add beneficiaries?"" = YES";2fd706541b544a10a530426fe54bcbbe;label_beneficiary_yes;acao;inativa;ação removida
item;f8ba73ef1b444610d1abda4ce54bcba0;Seguro de Vida Complementar;ceca44411b904e10d1abda4ce54bcbff;"EY: Resolver View - Type of Request = ""Enrollment in supplementary life insurance"" + With PHS";0c19789c1b580a10a530426fe54bcb1e;;acao;apagada;policy removida (todas as ações quebradas)
item;f8ba73ef1b444610d1abda4ce54bcba0;Seguro de Vida Complementar;ceca44411b904e10d1abda4ce54bcbff;"EY: Resolver View - Type of Request = ""Enrollment in supplementary life insurance"" + With PHS";7e78b85c1b580a10a530426fe54bcbd0;;acao;apagada;policy removida (todas as ações quebradas)
item;f8ba73ef1b444610d1abda4ce54bcba0;Seguro de Vida Complementar;ceca44411b904e10d1abda4ce54bcbff;"EY: Resolver View - Type of Request = ""Enrollment in supplementary life insurance"" + With PHS";068c7c941b980a10a530426fe54bcbeb;;acao;apagada;policy removida (todas as ações quebradas)
item;f8ba73ef1b444610d1abda4ce54bcba0;Seguro de Vida Complementar;ceca44411b904e10d1abda4ce54bcbff;"EY: Resolver View - Type of Request = ""Enrollment in supplementary life insurance"" + With PHS";2b5938dc1b580a10a530426fe54bcb11;;acao;apagada;policy removida (todas as ações quebradas)
item;f8ba73ef1b444610d1abda4ce54bcba0;Seguro de Vida Complementar;ceca44411b904e10d1abda4ce54bcbff;"EY: Resolver View - Type of Request = ""Enrollment in supplementary life insurance"" + With PHS";f9a8b09c1b580a10a530426fe54bcb73;;acao;apagada;policy removida (todas as ações quebradas)
item;f8ba73ef1b444610d1abda4ce54bcba0;Seguro de Vida Complementar;ceca44411b904e10d1abda4ce54bcbff;"EY: Resolver View - Type of Request = ""Enrollment in supplementary life insurance"" + With PHS";0809fc5c1b580a10a530426fe54bcb2f;;acao;apagada;policy removida (todas as ações quebradas)
item;f8ba73ef1b444610d1abda4ce54bcba0;Seguro de Vida Complementar;ceca44411b904e10d1abda4ce54bcbff;"EY: Resolver View - Type of Request = ""Enrollment in supplementary life insurance"" + With PHS";793930dc1b580a10a530426fe54bcbc9;;acao;apagada;policy removida (todas as ações quebradas)
item;f8ba73ef1b444610d1abda4ce54bcba0;Seguro de Vida Complementar;ceca44411b904e10d1abda4ce54bcbff;"EY: Resolver View - Type of Request = ""Enrollment in supplementary life insurance"" + With PHS";0d5974dc1b580a10a530426fe54bcbf0;;acao;apagada;policy removida (todas as ações quebradas)
item;f8ba73ef1b444610d1abda4ce54bcba0;Seguro de Vida Complementar;ceca44411b904e10d1abda4ce54bcbff;"EY: Resolver View - Type of Request = ""Enrollment in supplementary life insurance"" + With PHS";51d8b49c1b580a10a530426fe54bcb9a;;acao;apagada;policy removida (todas as ações quebradas)
item;f8ba73ef1b444610d1abda4ce54bcba0;Seguro de Vida Complementar;ceca44411b904e10d1abda4ce54bcbff;"EY: Resolver View - Type of Request = ""Enrollment in supplementary life insurance"" + With PHS";eb19789c1b580a10a530426fe54bcb46;;acao;apagada;policy removida (todas as ações quebradas)
item;f8ba73ef1b444610d1abda4ce54bcba0;Seguro de Vida Complementar;ceca44411b904e10d1abda4ce54bcbff;"EY: Resolver View - Type of Request = ""Enrollment in supplementary life insurance"" + With PHS";2eb8f05c1b580a10a530426fe54bcbb8;;acao;apagada;policy removida (todas as ações quebradas)
item;f8ba73ef1b444610d1abda4ce54bcba0;Seguro de Vida Complementar;ceca44411b904e10d1abda4ce54bcbff;"EY: Resolver View - Type of Request = ""Enrollment in supplementary life insurance"" + With PHS";c5e8789c1b580a10a530426fe54bcbd6;;acao;apagada;policy removida (todas as ações quebradas)
item;f8ba73ef1b444610d1abda4ce54bcba0;Seguro de Vida Complementar;ceca44411b904e10d1abda4ce54bcbff;"EY: Resolver View - Type of Request = ""Enrollment in supplementary life insurance"" + With PHS";73a3d2101bd44a10a530426fe54bcb41;;acao;apagada;policy removida (todas as ações quebradas)
item;f8ba73ef1b444610d1abda4ce54bcba0;Seguro de Vida Complementar;ceca44411b904e10d1abda4ce54bcbff;"EY: Resolver View - Type of Request = ""Enrollment in supplementary life insurance"" + With PHS";c028345c1b580a10a530426fe54bcb2d;;acao;apagada;policy removida (todas as ações quebradas)
item;f8ba73ef1b444610d1abda4ce54bcba0;Seguro de Vida Complementar;ceca44411b904e10d1abda4ce54bcbff;"EY: Resolver View - Type of Request = ""Enrollment in supplementary life insurance"" + With PHS";e2c8709c1b580a10a530426fe54bcb3e;;acao;apagada;policy removida (todas as ações quebradas)
item;f8ba73ef1b444610d1abda4ce54bcba0;Seguro de Vida Complementar;d213319c1b904a10a530426fe54bcbda;EY: Foreigner = YES and resides in Brazil =YES;f661f9181b904a10a530426fe54bcb63;are_you_a_resident_of_brazil;condicao;inativa;pendência humana
item;f8ba73ef1b444610d1abda4ce54bcba0;Seguro de Vida Complementar;d213319c1b904a10a530426fe54bcbda;EY: Foreigner = YES and resides in Brazil =YES;f99171181b904a10a530426fe54bcb80;are_you_a_foreigner;condicao;inativa;pendência humana
item;f8ba73ef1b444610d1abda4ce54bcba0;Seguro de Vida Complementar;d8343d101bd04a10a530426fe54bcbec;EY: Foreigner = NO and resides in Brazil =YES/NO;f661f9181b904a10a530426fe54bcb63;are_you_a_resident_of_brazil;condicao;inativa;pendência humana
item;f8ba73ef1b444610d1abda4ce54bcba0;Seguro de Vida Complementar;d8343d101bd04a10a530426fe54bcbec;EY: Foreigner = NO and resides in Brazil =YES/NO;f661f9181b904a10a530426fe54bcb63;are_you_a_resident_of_brazil;condicao;inativa;pendência humana
item;f8ba73ef1b444610d1abda4ce54bcba0;Seguro de Vida Complementar;d8343d101bd04a10a530426fe54bcbec;EY: Foreigner = NO and resides in Brazil =YES/NO;f99171181b904a10a530426fe54bcb80;are_you_a_foreigner;condicao;inativa;pendência humana
item;f8ba73ef1b444610d1abda4ce54bcba0;Seguro de Vida Complementar;fbeacc011b904e10d1abda4ce54bcba7;"EY: Resolver View - Type of Request = ""Enrollment in supplementary life insurance""";0c419a981b944a10a530426fe54bcb50;label_protocol_clock;acao;inativa;ação removida
item;f8ba73ef1b444610d1abda4ce54bcba0;Seguro de Vida Complementar;fbeacc011b904e10d1abda4ce54bcba7;"EY: Resolver View - Type of Request = ""Enrollment in supplementary life insurance""";4f8f1ce91b2fc950a530426fe54bcb6d;;acao;apagada;ação removida
item;f8ba73ef1b444610d1abda4ce54bcba0;Seguro de Vida Complementar;fbeacc011b904e10d1abda4ce54bcba7;"EY: Resolver View - Type of Request = ""Enrollment in supplementary life insurance""";c6420e581b144a10a530426fe54bcb61;label_payroll_discount;acao;inativa;ação removida
item;f8ba73ef1b444610d1abda4ce54bcba0;Seguro de Vida Complementar;fbeacc011b904e10d1abda4ce54bcba7;"EY: Resolver View - Type of Request = ""Enrollment in supplementary life insurance""";bf6006d41b144a10a530426fe54bcb32;politically_exposed_person;acao;inativa;ação removida
item;f8ba73ef1b444610d1abda4ce54bcba0;Seguro de Vida Complementar;fbeacc011b904e10d1abda4ce54bcba7;"EY: Resolver View - Type of Request = ""Enrollment in supplementary life insurance""";f661f9181b904a10a530426fe54bcb63;are_you_a_resident_of_brazil;acao;inativa;ação removida
item;f8ba73ef1b444610d1abda4ce54bcba0;Seguro de Vida Complementar;fbeacc011b904e10d1abda4ce54bcba7;"EY: Resolver View - Type of Request = ""Enrollment in supplementary life insurance""";51bfbba71b844610d1abda4ce54bcb55;select_the_corresponding_option;acao;inativa;ação removida
item;f8ba73ef1b444610d1abda4ce54bcba0;Seguro de Vida Complementar;fbeacc011b904e10d1abda4ce54bcba7;"EY: Resolver View - Type of Request = ""Enrollment in supplementary life insurance""";bf92f11c1b904a10a530426fe54bcb89;issuing_body;acao;inativa;ação removida
item;f8ba73ef1b444610d1abda4ce54bcba0;Seguro de Vida Complementar;fbeacc011b904e10d1abda4ce54bcba7;"EY: Resolver View - Type of Request = ""Enrollment in supplementary life insurance""";57c00ed41b144a10a530426fe54bcbfd;are_you_a_retired_person;acao;inativa;ação removida
item;f8ba73ef1b444610d1abda4ce54bcba0;Seguro de Vida Complementar;fbeacc011b904e10d1abda4ce54bcba7;"EY: Resolver View - Type of Request = ""Enrollment in supplementary life insurance""";8b4046941b144a10a530426fe54bcbdd;label_politically_exposed;acao;inativa;ação removida
item;f8ba73ef1b444610d1abda4ce54bcba0;Seguro de Vida Complementar;fbeacc011b904e10d1abda4ce54bcba7;"EY: Resolver View - Type of Request = ""Enrollment in supplementary life insurance""";cbd139581b904a10a530426fe54bcbce;include_number_and_nature_of_the_identification_document;acao;inativa;ação removida
item;f8ba73ef1b444610d1abda4ce54bcba0;Seguro de Vida Complementar;fbeacc011b904e10d1abda4ce54bcba7;"EY: Resolver View - Type of Request = ""Enrollment in supplementary life insurance""";b83f42d01b944a10a530426fe54bcbf9;label_i_am_aware_and_agree;acao;inativa;ação removida
item;f8ba73ef1b444610d1abda4ce54bcba0;Seguro de Vida Complementar;fbeacc011b904e10d1abda4ce54bcba7;"EY: Resolver View - Type of Request = ""Enrollment in supplementary life insurance""";f99171181b904a10a530426fe54bcb80;are_you_a_foreigner;acao;inativa;ação removida
item;f8ba73ef1b444610d1abda4ce54bcba0;Seguro de Vida Complementar;fbeacc011b904e10d1abda4ce54bcba7;"EY: Resolver View - Type of Request = ""Enrollment in supplementary life insurance""";e68f06941b944a10a530426fe54bcb68;label_terms_contractual_conditions;acao;inativa;ação removida
set;350894e51b76f990d1abda4ce54bcb15;Transport voucher;19facb8e1b3639d0a530426fe54bcb4c;EY: Mandatory fields;e4963ba11b084a50a530426fe54bcb9e;v_number_tickets_day_back;acao;inativa;"set, sem alteração"
set;350894e51b76f990d1abda4ce54bcb15;Transport voucher;19facb8e1b3639d0a530426fe54bcb4c;EY: Mandatory fields;ef4e28251b7af990d1abda4ce54bcbef;v_already_have_vt_card;acao;inativa;"set, sem alteração"
set;65c549651b99e510a530426fe54bcb58;EY VS - Empresas Natura ;d89d170e1bdde510a530426fe54bcbb0;EY: Obrigatório;24915aa91b9d2910a530426fe54bcb71;v_which_sub_company_is_the_service_for;acao;inativa;"set, sem alteração"
set;65c549651b99e510a530426fe54bcb58;EY VS - Empresas Natura ;d89d170e1bdde510a530426fe54bcbb0;EY: Obrigatório;8aef4e611b9d2910a530426fe54bcb46;v_is_your_request_for_which_company;acao;inativa;"set, sem alteração"
set;7c366e921b652990d1abda4ce54bcbab;EY VS Lançamento Contabil AVON;43b9e29a1b652990d1abda4ce54bcb44;EY - ReadOnly on Target Record;7b03261e1b252990d1abda4ce54bcb6c;vs_repository_avon_pb;acao;inativa;"set, sem alteração"
set;b5f328341ba56950d1abda4ce54bcb50;EY VS - Variable Adiantamento Fornecedor ;9cccc3121be92990d1abda4ce54bcb74;EY: Make Variables ReadOnly;1e752cbc1ba56950d1abda4ce54bcbb8;v_ged_process_number;acao;inativa;"set, sem alteração"
set;b5f328341ba56950d1abda4ce54bcb50;EY VS - Variable Adiantamento Fornecedor ;e0fdd5821b61a590d1abda4ce54bcbad;EY: Obrigatorio;1e752cbc1ba56950d1abda4ce54bcbb8;v_ged_process_number;acao;inativa;"set, sem alteração"
set;c7f8837e1b3f0a10514cbaef4b4bcb2b;EY: Hispana Personal Information;7e3693831bf78a10514cbaef4b4bcb63;EY: Hide variables in portal;ec84534f1bb78a10514cbaef4b4bcbf1;v_dni;acao;inativa;"set, sem alteração"
set;c7f8837e1b3f0a10514cbaef4b4bcb2b;EY: Hispana Personal Information;fe05d7cf1bb78a10514cbaef4b4bcba8;EY: Show variables to resolver;ec84534f1bb78a10514cbaef4b4bcbf1;v_dni;acao;inativa;"set, sem alteração"
set;39b19fda1be92990d1abda4ce54bcba5;EY VS Reclassificação de impostos;01839f9e1be92990d1abda4ce54bcbb8;EY: Obrigatorios - Item view;83125b1e1be92990d1abda4ce54bcb2a;v_report_start_date;acao;inativa;"set, sem alteração"
set;39b19fda1be92990d1abda4ce54bcba5;EY VS Reclassificação de impostos;01839f9e1be92990d1abda4ce54bcbb8;EY: Obrigatorios - Item view;07321f1e1be92990d1abda4ce54bcb25;v_report_end_date;acao;inativa;"set, sem alteração"
set;39b19fda1be92990d1abda4ce54bcba5;EY VS Reclassificação de impostos;65a357de1be92990d1abda4ce54bcb08;EY: Somente leitura - Target record;07321f1e1be92990d1abda4ce54bcb25;v_report_end_date;acao;inativa;"set, sem alteração"
set;39b19fda1be92990d1abda4ce54bcba5;EY VS Reclassificação de impostos;65a357de1be92990d1abda4ce54bcb08;EY: Somente leitura - Target record;83125b1e1be92990d1abda4ce54bcb2a;v_report_start_date;acao;inativa;"set, sem alteração"
set;4526141e1bcc6598a530426fe54bcb4e;EY: Company:Natura/Avon/TBS - Collaborator;64c638961b08a598a530426fe54bcb7c;EY: Show Avon field;ff2b1c521b40a598a530426fe54bcb5d;vs_representative;acao;inativa;"set, sem alteração"
set;4526141e1bcc6598a530426fe54bcb4e;EY: Company:Natura/Avon/TBS - Collaborator;6b56f0161b08a598a530426fe54bcb60;EY: Show Natura field;cdf9589e1b00a598a530426fe54bcb4a;vs_consultant;acao;inativa;"set, sem alteração"
set;4526141e1bcc6598a530426fe54bcb4e;EY: Company:Natura/Avon/TBS - Collaborator;77d6f8561b08a598a530426fe54bcbf2;EY: Show TBS field;dfaa18521b40a598a530426fe54bcbdd;vs_franchisee;acao;inativa;"set, sem alteração"
set;4526141e1bcc6598a530426fe54bcb4e;EY: Company:Natura/Avon/TBS - Collaborator;99aac16b1bd471d0a530426fe54bcbdf;EY: Show Search CPF/CNPJ;03ba6e871bd43d90d1abda4ce54bcb5f;v_pesquisar_cpf;acao;fora_do_set;"set, sem alteração"
set;aba7d12f1b552910d1abda4ce54bcb3f;EY VS - Capitalização de Gastos;c27608ee1b616990d1abda4ce54bcbe7;EY: Read-Only;e28815ef1b552910d1abda4ce54bcbb4;v_enter_the_end_date_of_the_period;acao;inativa;"set, sem alteração"
set;aba7d12f1b552910d1abda4ce54bcb3f;EY VS - Capitalização de Gastos;c27608ee1b616990d1abda4ce54bcbe7;EY: Read-Only;f25c57841beda590a530426fe54bcb29;v_template_capitalization_of_expenses;acao;inativa;"set, sem alteração"
set;aba7d12f1b552910d1abda4ce54bcb3f;EY VS - Capitalização de Gastos;c27608ee1b616990d1abda4ce54bcbe7;EY: Read-Only;9368ddaf1b552910d1abda4ce54bcb7d;v_enter_the_period_start_date;acao;inativa;"set, sem alteração"
set;b6290e291b19e110d1abda4ce54bcb04;EY: Company: NTCO - Subcompany;aaeeec2d3b67da10924d0247f4e45a51;"EY: Mandatory fields - ""Subcategory"" and ""Responsible Area""";e474f0a53ba7da10924d0247f4e45a98;vs_responsible_area;acao;inativa;"set, sem alteração"
set;b6290e291b19e110d1abda4ce54bcb04;EY: Company: NTCO - Subcompany;aaeeec2d3b67da10924d0247f4e45a51;"EY: Mandatory fields - ""Subcategory"" and ""Responsible Area""";182eec693b67da10924d0247f4e45ab9;vs_subcategory;acao;inativa;"set, sem alteração"
set;babe0b011b6d6dd0a530426fe54bcbce;EY VS - Ajuste de inventário e ajuste Ciclico;4f919b0d1b6d6dd0a530426fe54bcbc6;EY: Read-Only;84ccb39a1b216990d1abda4ce54bcb54;v_validated_information_ok;acao;inativa;"set, sem alteração"
set;e1ed453b1b55a110d1abda4ce54bcb21;EY VS - Baixa de Ativo Fixo;3376c2f71bd5e110d1abda4ce54bcbe9;EY: Mandatory;ff5615b31b19a110d1abda4ce54bcbe9;v_invoice_available;acao;inativa;"set, sem alteração"
set;e1ed453b1b55a110d1abda4ce54bcb21;EY VS - Baixa de Ativo Fixo;f7018c261b616990d1abda4ce54bcb78;EY: Read-Only;66204bb61baa6510d1abda4ce54bcbd0;v_attach_invoice_2;acao;inativa;"set, sem alteração"
set;e1ed453b1b55a110d1abda4ce54bcb21;EY VS - Baixa de Ativo Fixo;f7018c261b616990d1abda4ce54bcb78;EY: Read-Only;e6e615b71b19a110d1abda4ce54bcbb6;v_attach_invoice;acao;inativa;"set, sem alteração"
set;e1ed453b1b55a110d1abda4ce54bcb21;EY VS - Baixa de Ativo Fixo;f7018c261b616990d1abda4ce54bcb78;EY: Read-Only;d3a6d9b31b19a110d1abda4ce54bcbfe;v_comments;acao;inativa;"set, sem alteração"
set;e1ed453b1b55a110d1abda4ce54bcb21;EY VS - Baixa de Ativo Fixo;f7018c261b616990d1abda4ce54bcb78;EY: Read-Only;023eba361baa6510d1abda4ce54bcb3c;v_invoice_available_2;acao;inativa;"set, sem alteração"
set;e1ed453b1b55a110d1abda4ce54bcb21;EY VS - Baixa de Ativo Fixo;f7018c261b616990d1abda4ce54bcb78;EY: Read-Only;ff5615b31b19a110d1abda4ce54bcbe9;v_invoice_available;acao;inativa;"set, sem alteração"
set;f563d0e81b5ef910a530426fe54bcbd9;EY VS - Solicitação de RPE;250fa61d1b5a75d0d1abda4ce54bcba6;EY: Mandatory Fields Catalog Item View;3dc590201b9ef910a530426fe54bcb99;vs_sap_customer_code;acao;inativa;"set, sem alteração"
set;f563d0e81b5ef910a530426fe54bcbd9;EY VS - Solicitação de RPE;9788aa511b5a75d0d1abda4ce54bcb4c;"EY: ""Did you find the Cost center?"" is ""No""";e146d4201b9ef910a530426fe54bcb69;vs_label;acao;inativa;"set, sem alteração"
set;f563d0e81b5ef910a530426fe54bcbd9;EY VS - Solicitação de RPE;e0fba2951b5a75d0d1abda4ce54bcb7b;"EY: ""Did you find the Cost center?"" is ""Yes""";b247e29d1b1a75d0d1abda4ce54bcbaa;vs_quantity_required;acao;inativa;"set, sem alteração"
set;f563d0e81b5ef910a530426fe54bcbd9;EY VS - Solicitação de RPE;e0fba2951b5a75d0d1abda4ce54bcb7b;"EY: ""Did you find the Cost center?"" is ""Yes""";0c152e991b1a75d0d1abda4ce54bcbe9;vs_sales_code;acao;inativa;"set, sem alteração"
set;f563d0e81b5ef910a530426fe54bcbd9;EY VS - Solicitação de RPE;e0fba2951b5a75d0d1abda4ce54bcb7b;"EY: ""Did you find the Cost center?"" is ""Yes""";2745eed91b1a75d0d1abda4ce54bcbc8;vs_find_sales_code;acao;inativa;"set, sem alteração"
set;f563d0e81b5ef910a530426fe54bcbd9;EY VS - Solicitação de RPE;e0fba2951b5a75d0d1abda4ce54bcb7b;"EY: ""Did you find the Cost center?"" is ""Yes""";3628a6111b5a75d0d1abda4ce54bcbed;vs_add_more;acao;inativa;"set, sem alteração"
set;f563d0e81b5ef910a530426fe54bcbd9;EY VS - Solicitação de RPE;e0fba2951b5a75d0d1abda4ce54bcb7b;"EY: ""Did you find the Cost center?"" is ""Yes""";1a486e111b5a75d0d1abda4ce54bcb88;vs_delivery_location;acao;fora_do_set;"set, sem alteração"
set;f563d0e81b5ef910a530426fe54bcbd9;EY VS - Solicitação de RPE;e0fba2951b5a75d0d1abda4ce54bcb7b;"EY: ""Did you find the Cost center?"" is ""Yes""";7eb650201b9ef910a530426fe54bcb87;vs_approver;acao;inativa;"set, sem alteração"
set;f563d0e81b5ef910a530426fe54bcbd9;EY VS - Solicitação de RPE;f905b61d1b9a75d0d1abda4ce54bcb1a;"EY: ""Did you find the sales code?"" is ""Yes""";46752e191b1a75d0d1abda4ce54bcb68;vs_material_code;acao;inativa;"set, sem alteração"
set;f563d0e81b5ef910a530426fe54bcbd9;EY VS - Solicitação de RPE;f905b61d1b9a75d0d1abda4ce54bcb1a;"EY: ""Did you find the sales code?"" is ""Yes""";45a5e21d1b1a75d0d1abda4ce54bcb88;vs_product_description;acao;inativa;"set, sem alteração"
set;f563d0e81b5ef910a530426fe54bcbd9;EY VS - Solicitação de RPE;f905b61d1b9a75d0d1abda4ce54bcb1a;"EY: ""Did you find the sales code?"" is ""Yes""";2745eed91b1a75d0d1abda4ce54bcbc8;vs_find_sales_code;condicao;inativa;"set, sem alteração"
set;1a401a591b15f510a530426fe54bcb1a;Informações pessoais - Benefícios;44945ed11b55f510a530426fe54bcb2b;EY: Campos Obrigatorios;01bb46fe1ba81150a530426fe54bcbbc;;acao;apagada;"set, sem alteração"
set;1a401a591b15f510a530426fe54bcb1a;Informações pessoais - Benefícios;84c35e911b55f510a530426fe54bcb9d;"EY: HTR  When ""Solicitation Whom"" is not ""-- None --"" show ""Employee"" field";284d5abe1b2c1150a530426fe54bcb8a;;acao;apagada;"set, sem alteração"
set;1a401a591b15f510a530426fe54bcb1a;Informações pessoais - Benefícios;84c35e911b55f510a530426fe54bcb9d;"EY: HTR  When ""Solicitation Whom"" is not ""-- None --"" show ""Employee"" field";fbeb96fa1b2c1150a530426fe54bcbb4;;acao;apagada;"set, sem alteração"
set;1a401a591b15f510a530426fe54bcb1a;Informações pessoais - Benefícios;84c35e911b55f510a530426fe54bcb9d;"EY: HTR  When ""Solicitation Whom"" is not ""-- None --"" show ""Employee"" field";b81d92be1b2c1150a530426fe54bcbfb;;acao;apagada;"set, sem alteração"
set;1a401a591b15f510a530426fe54bcb1a;Informações pessoais - Benefícios;84c35e911b55f510a530426fe54bcb9d;"EY: HTR  When ""Solicitation Whom"" is not ""-- None --"" show ""Employee"" field";7ebdd6fe1b2c1150a530426fe54bcb84;;acao;apagada;"set, sem alteração"
set;1a401a591b15f510a530426fe54bcb1a;Informações pessoais - Benefícios;84c35e911b55f510a530426fe54bcb9d;"EY: HTR  When ""Solicitation Whom"" is not ""-- None --"" show ""Employee"" field";4ffd5afe1b2c1150a530426fe54bcbe0;;acao;apagada;"set, sem alteração"
set;1a401a591b15f510a530426fe54bcb1a;Informações pessoais - Benefícios;84c35e911b55f510a530426fe54bcb9d;"EY: HTR  When ""Solicitation Whom"" is not ""-- None --"" show ""Employee"" field";2b6d12fe1b2c1150a530426fe54bcb8e;;acao;apagada;"set, sem alteração"
set;1a401a591b15f510a530426fe54bcb1a;Informações pessoais - Benefícios;84c35e911b55f510a530426fe54bcb9d;"EY: HTR  When ""Solicitation Whom"" is not ""-- None --"" show ""Employee"" field";dfdd12321b6c1150a530426fe54bcb66;;acao;apagada;"set, sem alteração"
set;1a401a591b15f510a530426fe54bcb1a;Informações pessoais - Benefícios;84c35e911b55f510a530426fe54bcb9d;"EY: HTR  When ""Solicitation Whom"" is not ""-- None --"" show ""Employee"" field";64ec567e1b2c1150a530426fe54bcbdc;;acao;apagada;"set, sem alteração"
set;1a401a591b15f510a530426fe54bcb1a;Informações pessoais - Benefícios;84c35e911b55f510a530426fe54bcb9d;"EY: HTR  When ""Solicitation Whom"" is not ""-- None --"" show ""Employee"" field";8fac9e3e1b2c1150a530426fe54bcb52;;acao;apagada;"set, sem alteração"
set;1a401a591b15f510a530426fe54bcb1a;Informações pessoais - Benefícios;84c35e911b55f510a530426fe54bcb9d;"EY: HTR  When ""Solicitation Whom"" is not ""-- None --"" show ""Employee"" field";fa4c0efe1ba81150a530426fe54bcbaf;;acao;apagada;"set, sem alteração"
set;1a401a591b15f510a530426fe54bcb1a;Informações pessoais - Benefícios;e464da911b55f510a530426fe54bcb05;"EY: HTR_When ""Solicitation Whom"" is ""None"" doesn't show ""Update information link""";a52e4eb21be81150a530426fe54bcb85;;acao;apagada;"set, sem alteração"
set;1a401a591b15f510a530426fe54bcb1a;Informações pessoais - Benefícios;ec8496551b55f510a530426fe54bcb9b;"EY: HTR_When ""Solicitation Whom"" is ""Other employee"" the employee is Mandatory";fa4c0efe1ba81150a530426fe54bcbaf;;acao;apagada;"set, sem alteração"
set;1a401a591b15f510a530426fe54bcb1a;Informações pessoais - Benefícios;ec8496551b55f510a530426fe54bcb9b;"EY: HTR_When ""Solicitation Whom"" is ""Other employee"" the employee is Mandatory";1ab29eba1be81150a530426fe54bcbee;;acao;apagada;"set, sem alteração"
set;1a401a591b15f510a530426fe54bcb1a;Informações pessoais - Benefícios;fdd35ed11b55f510a530426fe54bcb8a;"EY: HTR_When ""Solicitation Whom"" is ""My request"" show ""Update information link"" , ""Adress"", ""National ID"" , ""name"" fields";fa4c0efe1ba81150a530426fe54bcbaf;;acao;apagada;"set, sem alteração"
set;1a401a591b15f510a530426fe54bcb1a;Informações pessoais - Benefícios;fdd35ed11b55f510a530426fe54bcb8a;"EY: HTR_When ""Solicitation Whom"" is ""My request"" show ""Update information link"" , ""Adress"", ""National ID"" , ""name"" fields";6a82623a1b6c1150a530426fe54bcbe1;;acao;apagada;"set, sem alteração"
set;1a401a591b15f510a530426fe54bcb1a;Informações pessoais - Benefícios;fdd35ed11b55f510a530426fe54bcb8a;"EY: HTR_When ""Solicitation Whom"" is ""My request"" show ""Update information link"" , ""Adress"", ""National ID"" , ""name"" fields";d62226f61b6c1150a530426fe54bcbc8;;acao;apagada;"set, sem alteração"
set;1a401a591b15f510a530426fe54bcb1a;Informações pessoais - Benefícios;fdd35ed11b55f510a530426fe54bcb8a;"EY: HTR_When ""Solicitation Whom"" is ""My request"" show ""Update information link"" , ""Adress"", ""National ID"" , ""name"" fields";bdf025931be15d90a530426fe54bcbe7;;acao;apagada;"set, sem alteração"
set;64da79341ba5fd50a530426fe54bcb7e;EY VS - Empresas Natura/Avon;2dea56f01ba9fd50a530426fe54bcbac;EY: Mandatory;797e07881b29a590a530426fe54bcbde;vs_which_company;acao;fora_do_set;"set, sem alteração"
set;85c518911bc19ad0514cbaef4b4bcb8b;Data to make your refund;d4aab45d1b4d9ad0514cbaef4b4bcbec;EY: Mandatory variables;c8abe5a61b055610514cbaef4b4bcbcb;v_month_mrvs;acao;inativa;"set, sem alteração"
set;85c518911bc19ad0514cbaef4b4bcb8b;Data to make your refund;d4aab45d1b4d9ad0514cbaef4b4bcbec;EY: Mandatory variables;c6cb29a61b055610514cbaef4b4bcb0d;v_year_mrvs;acao;inativa;"set, sem alteração"
set;9494b8f11b216110a530426fe54bcbb6;EY VS -  Solicitação de Provisões de Fatura;727781b11ba16110a530426fe54bcbc5;EY: Mandatory;143578b11b216110a530426fe54bcbc4;v_informative_note_2;acao;inativa;"set, sem alteração"
set;c6b820241be161d0a530426fe54bcbc5;EY VS - Transferência de Ativo Fixo e Dados Cadastrais;9ec524621be56990d1abda4ce54bcb27;EY: Read-Only;039a60a01b2561d0a530426fe54bcb36;v_comments;acao;inativa;"set, sem alteração"
set;d5a017c31be70510a530426fe54bcbb1;Employee benefits;10009f1e1b5c5910d1abda4ce54bcb85;ACN: HTR All fields read only if doesn't change;8082df471be70510a530426fe54bcbea;days_voucher;acao;inativa;"set, sem alteração"
set;dd8e82cc1ba12590a530426fe54bcb41;EY VS -  Capitalização de Projeto em Curso (Alta);0a202a0c1be92590a530426fe54bcb54;EY: Mandatory;35de8a401be12590a530426fe54bcb4b;v_attach_email_with_approval;acao;inativa;"set, sem alteração"
set;dd8e82cc1ba12590a530426fe54bcb41;EY VS -  Capitalização de Projeto em Curso (Alta);65d808e61ba16990d1abda4ce54bcb81;EY: Read-Only;35de8a401be12590a530426fe54bcb4b;v_attach_email_with_approval;acao;inativa;"set, sem alteração"
set;e7c6a4311bffd154d1abda4ce54bcb54;EY: Company:Natura/Avon/TBS - Collaborator - Code;0b3b89131b966d50a530426fe54bcb0a;EY: Show Consultant Email;79f3b4131bd26d50a530426fe54bcbc8;vs_consultant_email_new;acao;inativa;"set, sem alteração"
set;e7c6a4311bffd154d1abda4ce54bcb54;EY: Company:Natura/Avon/TBS - Collaborator - Code;17bb89531b966d50a530426fe54bcb0a;EY: Show Representative Email;70467c571bd26d50a530426fe54bcb59;vs_representative_email_new;acao;inativa;"set, sem alteração"
set;e7c6a4311bffd154d1abda4ce54bcb54;EY: Company:Natura/Avon/TBS - Collaborator - Code;564eb8791b771554d1abda4ce54bcbbd;EY: Show Franchisee fields;135d74f11b771554d1abda4ce54bcb2e;vs_franchisee;acao;inativa;"set, sem alteração"
set;e7c6a4311bffd154d1abda4ce54bcb54;EY: Company:Natura/Avon/TBS - Collaborator - Code;69bd74b51b771554d1abda4ce54bcb5a;EY: Show Consultant fields;7925d1311b3f1554d1abda4ce54bcbad;vs_consultant_code;acao;inativa;"set, sem alteração"
set;e7c6a4311bffd154d1abda4ce54bcb54;EY: Company:Natura/Avon/TBS - Collaborator - Code;69bd74b51b771554d1abda4ce54bcb5a;EY: Show Consultant fields;f0fb3c7d1b371554d1abda4ce54bcb70;vs_consultant;acao;inativa;"set, sem alteração"
set;e7c6a4311bffd154d1abda4ce54bcb54;EY: Company:Natura/Avon/TBS - Collaborator - Code;7c2b05df1b566d50a530426fe54bcbb2;EY: Show Consultant Code;bbe3f0131bd26d50a530426fe54bcb25;vs_consultant_code_new;acao;inativa;"set, sem alteração"
set;e7c6a4311bffd154d1abda4ce54bcb54;EY: Company:Natura/Avon/TBS - Collaborator - Code;90ab4d131b966d50a530426fe54bcb22;EY: Show Representative Code;760638171bd26d50a530426fe54bcb67;vs_representative_code_new;acao;inativa;"set, sem alteração"
set;e7c6a4311bffd154d1abda4ce54bcb54;EY: Company:Natura/Avon/TBS - Collaborator - Code;b86b09131b966d50a530426fe54bcb00;EY: Show Representative Name;7bb5f8171bd26d50a530426fe54bcbe8;vs_representative_name_new;acao;inativa;"set, sem alteração"
set;e7c6a4311bffd154d1abda4ce54bcb54;EY: Company:Natura/Avon/TBS - Collaborator - Code;c31e34f51b771554d1abda4ce54bcb3d;EY: Show Representative fields;3f95d1711b3f1554d1abda4ce54bcb1a;vs_representative_code;acao;inativa;"set, sem alteração"
set;e7c6a4311bffd154d1abda4ce54bcb54;EY: Company:Natura/Avon/TBS - Collaborator - Code;c31e34f51b771554d1abda4ce54bcb3d;EY: Show Representative fields;b62d34f11b771554d1abda4ce54bcb79;vs_representative;acao;inativa;"set, sem alteração"
set;e7c6a4311bffd154d1abda4ce54bcb54;EY: Company:Natura/Avon/TBS - Collaborator - Code;dd9a05df1b566d50a530426fe54bcbad;EY: Show Consultant Name;37d33cdf1b926d50a530426fe54bcbc2;vs_consultant_name_new;acao;inativa;"set, sem alteração"
set;374a53851b550510d1abda4ce54bcb1c;Dependent Data;0014d1ee1b4ae110d1abda4ce54bcb09;EY: Campos Obrigatorios;6b24fb551bd14510d1abda4ce54bcbd6;surname;acao;inativa;"set, sem alteração"
set;374a53851b550510d1abda4ce54bcb1c;Dependent Data;0014d1ee1b4ae110d1abda4ce54bcb09;EY: Campos Obrigatorios;7325fb551bd14510d1abda4ce54bcb26;status;acao;inativa;"set, sem alteração"
set;374a53851b550510d1abda4ce54bcb1c;Dependent Data;0014d1ee1b4ae110d1abda4ce54bcb09;EY: Campos Obrigatorios;b59533d51bd14510d1abda4ce54bcb36;beneficiary_type;acao;inativa;"set, sem alteração"
set;5154847b1b844610d1abda4ce54bcb01;My Personal Informations - Only Name in Catalog View;8785b8181b580a10a530426fe54bcb7c;EY: VIsible Fields Only Analyst  View;8edb689c1bd40a10a530426fe54bcb99;rne;acao;inativa;"set, sem alteração"
set;5154847b1b844610d1abda4ce54bcb01;My Personal Informations - Only Name in Catalog View;8785b8181b580a10a530426fe54bcb7c;EY: VIsible Fields Only Analyst  View;4bbb289c1bd40a10a530426fe54bcbeb;phone;acao;inativa;"set, sem alteração"
set;5154847b1b844610d1abda4ce54bcb01;My Personal Informations - Only Name in Catalog View;8785b8181b580a10a530426fe54bcb7c;EY: VIsible Fields Only Analyst  View;c8ddac501b180a10a530426fe54bcb72;fax;acao;inativa;"set, sem alteração"