sys_id_item;item;status;derivados;variavel;tipo;coleta_dado;alteracao;codigo;variavel_nova;pergunta_variavel_nova;derivado_afetado;flow_workflow_do_item;fluxo_le_variavel (sim/não);observacoes_servicenow
23094fd91bfab990d1abda4ce54bcb29;Adesão, Alteração ou Cancelamento do Vale Transporte;dividido;"Aderir ao vale-transporte ou fretado
Alterar linhas do vale-transporte ou fretado
Cancelar vale-transporte ou fretado
Recusar vale-transporte (novo colaborador)";v_checkbox_transport_voucher_1;checkbox;sim;unida;substituida_por;nova_aceite_termo;Você leu e aceita o termo de responsabilidade do benefício (link na descrição)?;todos;"flow disparado: EY: Adhesion, Amendment or Cancellation of the Transport Voucher and Chartered (específico do item, published, 25 execuções)
flow disparado: EY: Adhesion, Amendment or Cancellation of the Transport Voucher and Chartered - Set attachment (específico do item, published, 0 execuções)";;
23094fd91bfab990d1abda4ce54bcb29;Adesão, Alteração ou Cancelamento do Vale Transporte;dividido;"Aderir ao vale-transporte ou fretado
Alterar linhas do vale-transporte ou fretado
Cancelar vale-transporte ou fretado
Recusar vale-transporte (novo colaborador)";v_checkbox_transport_voucher_2;checkbox;sim;unida;substituida_por;nova_aceite_termo;Você leu e aceita o termo de responsabilidade do benefício (link na descrição)?;todos;"flow disparado: EY: Adhesion, Amendment or Cancellation of the Transport Voucher and Chartered (específico do item, published, 25 execuções)
flow disparado: EY: Adhesion, Amendment or Cancellation of the Transport Voucher and Chartered - Set attachment (específico do item, published, 0 execuções)";;
23094fd91bfab990d1abda4ce54bcb29;Adesão, Alteração ou Cancelamento do Vale Transporte;dividido;"Aderir ao vale-transporte ou fretado
Alterar linhas do vale-transporte ou fretado
Cancelar vale-transporte ou fretado
Recusar vale-transporte (novo colaborador)";v_checkbox_transport_voucher_3;checkbox;sim;unida;substituida_por;nova_aceite_termo;Você leu e aceita o termo de responsabilidade do benefício (link na descrição)?;todos;"flow disparado: EY: Adhesion, Amendment or Cancellation of the Transport Voucher and Chartered (específico do item, published, 25 execuções)
flow disparado: EY: Adhesion, Amendment or Cancellation of the Transport Voucher and Chartered - Set attachment (específico do item, published, 0 execuções)";;
23094fd91bfab990d1abda4ce54bcb29;Adesão, Alteração ou Cancelamento do Vale Transporte;dividido;"Aderir ao vale-transporte ou fretado
Alterar linhas do vale-transporte ou fretado
Cancelar vale-transporte ou fretado
Recusar vale-transporte (novo colaborador)";checkbox_vt_responsability;checkbox;sim;unida;substituida_por;nova_aceite_termo;Você leu e aceita o termo de responsabilidade do benefício (link na descrição)?;todos;"flow disparado: EY: Adhesion, Amendment or Cancellation of the Transport Voucher and Chartered (específico do item, published, 25 execuções)
flow disparado: EY: Adhesion, Amendment or Cancellation of the Transport Voucher and Chartered - Set attachment (específico do item, published, 0 execuções)";;
23094fd91bfab990d1abda4ce54bcb29;Adesão, Alteração ou Cancelamento do Vale Transporte;dividido;"Aderir ao vale-transporte ou fretado
Alterar linhas do vale-transporte ou fretado
Cancelar vale-transporte ou fretado
Recusar vale-transporte (novo colaborador)";v_checkbox_chartered_1;checkbox;sim;unida;substituida_por;nova_aceite_termo;Você leu e aceita o termo de responsabilidade do benefício (link na descrição)?;todos;"flow disparado: EY: Adhesion, Amendment or Cancellation of the Transport Voucher and Chartered (específico do item, published, 25 execuções)
flow disparado: EY: Adhesion, Amendment or Cancellation of the Transport Voucher and Chartered - Set attachment (específico do item, published, 0 execuções)";;
23094fd91bfab990d1abda4ce54bcb29;Adesão, Alteração ou Cancelamento do Vale Transporte;dividido;"Aderir ao vale-transporte ou fretado
Alterar linhas do vale-transporte ou fretado
Cancelar vale-transporte ou fretado
Recusar vale-transporte (novo colaborador)";v_checkbox_chartered_2;checkbox;sim;unida;substituida_por;nova_aceite_termo;Você leu e aceita o termo de responsabilidade do benefício (link na descrição)?;todos;"flow disparado: EY: Adhesion, Amendment or Cancellation of the Transport Voucher and Chartered (específico do item, published, 25 execuções)
flow disparado: EY: Adhesion, Amendment or Cancellation of the Transport Voucher and Chartered - Set attachment (específico do item, published, 0 execuções)";;
23094fd91bfab990d1abda4ce54bcb29;Adesão, Alteração ou Cancelamento do Vale Transporte;dividido;"Aderir ao vale-transporte ou fretado
Alterar linhas do vale-transporte ou fretado
Cancelar vale-transporte ou fretado
Recusar vale-transporte (novo colaborador)";v_checkbox_chartered_responsability;checkbox;sim;unida;substituida_por;nova_aceite_termo;Você leu e aceita o termo de responsabilidade do benefício (link na descrição)?;todos;"flow disparado: EY: Adhesion, Amendment or Cancellation of the Transport Voucher and Chartered (específico do item, published, 25 execuções)
flow disparado: EY: Adhesion, Amendment or Cancellation of the Transport Voucher and Chartered - Set attachment (específico do item, published, 0 execuções)";;
23094fd91bfab990d1abda4ce54bcb29;Adesão, Alteração ou Cancelamento do Vale Transporte;dividido;"Aderir ao vale-transporte ou fretado
Alterar linhas do vale-transporte ou fretado
Cancelar vale-transporte ou fretado
Recusar vale-transporte (novo colaborador)";v_checkbox_chartered_4;checkbox;sim;unida;substituida_por;nova_aceite_termo;Você leu e aceita o termo de responsabilidade do benefício (link na descrição)?;todos;"flow disparado: EY: Adhesion, Amendment or Cancellation of the Transport Voucher and Chartered (específico do item, published, 25 execuções)
flow disparado: EY: Adhesion, Amendment or Cancellation of the Transport Voucher and Chartered - Set attachment (específico do item, published, 0 execuções)";;
23094fd91bfab990d1abda4ce54bcb29;Adesão, Alteração ou Cancelamento do Vale Transporte;dividido;"Aderir ao vale-transporte ou fretado
Alterar linhas do vale-transporte ou fretado
Cancelar vale-transporte ou fretado
Recusar vale-transporte (novo colaborador)";v_checkbox_responsability;checkbox;sim;unida;substituida_por;nova_aceite_termo;Você leu e aceita o termo de responsabilidade do benefício (link na descrição)?;todos;"flow disparado: EY: Adhesion, Amendment or Cancellation of the Transport Voucher and Chartered (específico do item, published, 25 execuções)
flow disparado: EY: Adhesion, Amendment or Cancellation of the Transport Voucher and Chartered - Set attachment (específico do item, published, 0 execuções)";;
23094fd91bfab990d1abda4ce54bcb29;Adesão, Alteração ou Cancelamento do Vale Transporte;dividido;"Aderir ao vale-transporte ou fretado
Alterar linhas do vale-transporte ou fretado
Cancelar vale-transporte ou fretado
Recusar vale-transporte (novo colaborador)";attach_your_transport_card_photo_here;anexo;sim;unida;substituida_por;nova_anexo_cartao_transporte;Envie a foto do(s) seu(s) cartão(ões) de transporte.;todos;"flow disparado: EY: Adhesion, Amendment or Cancellation of the Transport Voucher and Chartered (específico do item, published, 25 execuções)
flow disparado: EY: Adhesion, Amendment or Cancellation of the Transport Voucher and Chartered - Set attachment (específico do item, published, 0 execuções)";;
23094fd91bfab990d1abda4ce54bcb29;Adesão, Alteração ou Cancelamento do Vale Transporte;dividido;"Aderir ao vale-transporte ou fretado
Alterar linhas do vale-transporte ou fretado
Cancelar vale-transporte ou fretado
Recusar vale-transporte (novo colaborador)";if_you_have_more_than_one_transport_card_attach_it_here;anexo;sim;unida;substituida_por;nova_anexo_cartao_transporte;Envie a foto do(s) seu(s) cartão(ões) de transporte.;todos;"flow disparado: EY: Adhesion, Amendment or Cancellation of the Transport Voucher and Chartered (específico do item, published, 25 execuções)
flow disparado: EY: Adhesion, Amendment or Cancellation of the Transport Voucher and Chartered - Set attachment (específico do item, published, 0 execuções)";;
23094fd91bfab990d1abda4ce54bcb29;Adesão, Alteração ou Cancelamento do Vale Transporte;dividido;"Aderir ao vale-transporte ou fretado
Alterar linhas do vale-transporte ou fretado
Cancelar vale-transporte ou fretado
Recusar vale-transporte (novo colaborador)";v_already_have_a_vt_card;sim/não;sim;fora do derivado;sem_vars;;;Cancelar vale-transporte ou fretado;"flow disparado: EY: Adhesion, Amendment or Cancellation of the Transport Voucher and Chartered (específico do item, published, 25 execuções)
flow disparado: EY: Adhesion, Amendment or Cancellation of the Transport Voucher and Chartered - Set attachment (específico do item, published, 0 execuções)";;
23094fd91bfab990d1abda4ce54bcb29;Adesão, Alteração ou Cancelamento do Vale Transporte;dividido;"Aderir ao vale-transporte ou fretado
Alterar linhas do vale-transporte ou fretado
Cancelar vale-transporte ou fretado
Recusar vale-transporte (novo colaborador)";v_benefit_type;lista;sim;fora do derivado;sem_vars;;;Recusar vale-transporte (novo colaborador);"flow disparado: EY: Adhesion, Amendment or Cancellation of the Transport Voucher and Chartered (específico do item, published, 25 execuções)
flow disparado: EY: Adhesion, Amendment or Cancellation of the Transport Voucher and Chartered - Set attachment (específico do item, published, 0 execuções)";;
23094fd91bfab990d1abda4ce54bcb29;Adesão, Alteração ou Cancelamento do Vale Transporte;dividido;"Aderir ao vale-transporte ou fretado
Alterar linhas do vale-transporte ou fretado
Cancelar vale-transporte ou fretado
Recusar vale-transporte (novo colaborador)";v_already_have_a_vt_card;sim/não;sim;fora do derivado;sem_vars;;;Recusar vale-transporte (novo colaborador);"flow disparado: EY: Adhesion, Amendment or Cancellation of the Transport Voucher and Chartered (específico do item, published, 25 execuções)
flow disparado: EY: Adhesion, Amendment or Cancellation of the Transport Voucher and Chartered - Set attachment (específico do item, published, 0 execuções)";;
2a4bc3a71b283110a530426fe54bcbd4;Adicionar ou Remover  membros em Grupos;dividido;"Adicionar membro a grupo de atendimento do CSC
Remover membro de grupo de atendimento do CSC";v_group_members;referência;sim;fora do derivado;sem_vars;;;Adicionar membro a grupo de atendimento do CSC;"flow disparado: EY: Add or remove group members (específico do item, published, 3 execuções)
flow disparado: EY: Portal Notification Cancelled (específico do item, published, 0 execuções)";;
2a4bc3a71b283110a530426fe54bcbd4;Adicionar ou Remover  membros em Grupos;dividido;"Adicionar membro a grupo de atendimento do CSC
Remover membro de grupo de atendimento do CSC";v_requests_for_whom;lista;sim;fora do derivado;sem_vars;;;Remover membro de grupo de atendimento do CSC;"flow disparado: EY: Add or remove group members (específico do item, published, 3 execuções)
flow disparado: EY: Portal Notification Cancelled (específico do item, published, 0 execuções)";;
2a4bc3a71b283110a530426fe54bcbd4;Adicionar ou Remover  membros em Grupos;dividido;"Adicionar membro a grupo de atendimento do CSC
Remover membro de grupo de atendimento do CSC";v_user;referência;sim;fora do derivado;sem_vars;;;Remover membro de grupo de atendimento do CSC;"flow disparado: EY: Add or remove group members (específico do item, published, 3 execuções)
flow disparado: EY: Portal Notification Cancelled (específico do item, published, 0 execuções)";;
15b5791d1bc0e558d1abda4ce54bcb48;Admissão e Movimentação Internacional;dividido;"Solicitar Admissão com Movimentação Internacional
Solicitar Admissão no Exterior (Estados Unidos e França)
Solicitar Expatriação de Colaborador
Solicitar Repatriação de Colaborador";v_name;texto;sim;fora do derivado;sem_vars;;;Solicitar Admissão com Movimentação Internacional;flow disparado: EY: International Admission and Movement (específico do item, published, 0 execuções);;
15b5791d1bc0e558d1abda4ce54bcb48;Admissão e Movimentação Internacional;dividido;"Solicitar Admissão com Movimentação Internacional
Solicitar Admissão no Exterior (Estados Unidos e França)
Solicitar Expatriação de Colaborador
Solicitar Repatriação de Colaborador";v_start_date_in_brazil;data;sim;fora do derivado;sem_vars;;;Solicitar Admissão com Movimentação Internacional;flow disparado: EY: International Admission and Movement (específico do item, published, 0 execuções);;
15b5791d1bc0e558d1abda4ce54bcb48;Admissão e Movimentação Internacional;dividido;"Solicitar Admissão com Movimentação Internacional
Solicitar Admissão no Exterior (Estados Unidos e França)
Solicitar Expatriação de Colaborador
Solicitar Repatriação de Colaborador";v_name_other;referência;sim;fora do derivado;sem_vars;;;Solicitar Admissão no Exterior (Estados Unidos e França);flow disparado: EY: International Admission and Movement (específico do item, published, 0 execuções);;
15b5791d1bc0e558d1abda4ce54bcb48;Admissão e Movimentação Internacional;dividido;"Solicitar Admissão com Movimentação Internacional
Solicitar Admissão no Exterior (Estados Unidos e França)
Solicitar Expatriação de Colaborador
Solicitar Repatriação de Colaborador";v_start_date_in_brazil;data;sim;fora do derivado;sem_vars;;;Solicitar Admissão no Exterior (Estados Unidos e França);flow disparado: EY: International Admission and Movement (específico do item, published, 0 execuções);;
15b5791d1bc0e558d1abda4ce54bcb48;Admissão e Movimentação Internacional;dividido;"Solicitar Admissão com Movimentação Internacional
Solicitar Admissão no Exterior (Estados Unidos e França)
Solicitar Expatriação de Colaborador
Solicitar Repatriação de Colaborador";v_name;texto;sim;fora do derivado;sem_vars;;;Solicitar Expatriação de Colaborador;flow disparado: EY: International Admission and Movement (específico do item, published, 0 execuções);;
15b5791d1bc0e558d1abda4ce54bcb48;Admissão e Movimentação Internacional;dividido;"Solicitar Admissão com Movimentação Internacional
Solicitar Admissão no Exterior (Estados Unidos e França)
Solicitar Expatriação de Colaborador
Solicitar Repatriação de Colaborador";v_start_date_in_brazil;data;sim;fora do derivado;sem_vars;;;Solicitar Expatriação de Colaborador;flow disparado: EY: International Admission and Movement (específico do item, published, 0 execuções);;
15b5791d1bc0e558d1abda4ce54bcb48;Admissão e Movimentação Internacional;dividido;"Solicitar Admissão com Movimentação Internacional
Solicitar Admissão no Exterior (Estados Unidos e França)
Solicitar Expatriação de Colaborador
Solicitar Repatriação de Colaborador";v_name;texto;sim;fora do derivado;sem_vars;;;Solicitar Repatriação de Colaborador;flow disparado: EY: International Admission and Movement (específico do item, published, 0 execuções);;
15b5791d1bc0e558d1abda4ce54bcb48;Admissão e Movimentação Internacional;dividido;"Solicitar Admissão com Movimentação Internacional
Solicitar Admissão no Exterior (Estados Unidos e França)
Solicitar Expatriação de Colaborador
Solicitar Repatriação de Colaborador";v_attach_the_completed_template_here;anexo;sim;fora do derivado;sem_vars;;;Solicitar Repatriação de Colaborador;flow disparado: EY: International Admission and Movement (específico do item, published, 0 execuções);;
87cb02061b5ce950a530426fe54bcb55;Aplicação / Devolução de Medida Disciplinar;dividido;"Solicitar emissão de medida disciplinar (advertência)
Devolver medida disciplinar assinada";v_who_received;referência;sim;fora do derivado;sem_vars;;;Solicitar emissão de medida disciplinar (advertência);flow disparado: EY: Application / Return of Disciplinary Measure (específico do item, published, 0 execuções);;
87cb02061b5ce950a530426fe54bcb55;Aplicação / Devolução de Medida Disciplinar;dividido;"Solicitar emissão de medida disciplinar (advertência)
Devolver medida disciplinar assinada";v_attach;anexo;sim;fora do derivado;sem_vars;;;Solicitar emissão de medida disciplinar (advertência);flow disparado: EY: Application / Return of Disciplinary Measure (específico do item, published, 0 execuções);;
87cb02061b5ce950a530426fe54bcb55;Aplicação / Devolução de Medida Disciplinar;dividido;"Solicitar emissão de medida disciplinar (advertência)
Devolver medida disciplinar assinada";v_id3;texto;sim;fora do derivado;sem_vars;;;Solicitar emissão de medida disciplinar (advertência);flow disparado: EY: Application / Return of Disciplinary Measure (específico do item, published, 0 execuções);;
87cb02061b5ce950a530426fe54bcb55;Aplicação / Devolução de Medida Disciplinar;dividido;"Solicitar emissão de medida disciplinar (advertência)
Devolver medida disciplinar assinada";v_requester;referência;sim;fora do derivado;sem_vars;;;Devolver medida disciplinar assinada;flow disparado: EY: Application / Return of Disciplinary Measure (específico do item, published, 0 execuções);;
87cb02061b5ce950a530426fe54bcb55;Aplicação / Devolução de Medida Disciplinar;dividido;"Solicitar emissão de medida disciplinar (advertência)
Devolver medida disciplinar assinada";v_id;texto;sim;fora do derivado;sem_vars;;;Devolver medida disciplinar assinada;flow disparado: EY: Application / Return of Disciplinary Measure (específico do item, published, 0 execuções);;
87cb02061b5ce950a530426fe54bcb55;Aplicação / Devolução de Medida Disciplinar;dividido;"Solicitar emissão de medida disciplinar (advertência)
Devolver medida disciplinar assinada";v_area_department;texto;sim;fora do derivado;sem_vars;;;Devolver medida disciplinar assinada;flow disparado: EY: Application / Return of Disciplinary Measure (específico do item, published, 0 execuções);;
87cb02061b5ce950a530426fe54bcb55;Aplicação / Devolução de Medida Disciplinar;dividido;"Solicitar emissão de medida disciplinar (advertência)
Devolver medida disciplinar assinada";v_company;texto;sim;fora do derivado;sem_vars;;;Devolver medida disciplinar assinada;flow disparado: EY: Application / Return of Disciplinary Measure (específico do item, published, 0 execuções);;
87cb02061b5ce950a530426fe54bcb55;Aplicação / Devolução de Medida Disciplinar;dividido;"Solicitar emissão de medida disciplinar (advertência)
Devolver medida disciplinar assinada";v_warning_type;lista;sim;fora do derivado;sem_vars;;;Devolver medida disciplinar assinada;flow disparado: EY: Application / Return of Disciplinary Measure (específico do item, published, 0 execuções);;
87cb02061b5ce950a530426fe54bcb55;Aplicação / Devolução de Medida Disciplinar;dividido;"Solicitar emissão de medida disciplinar (advertência)
Devolver medida disciplinar assinada";v_name;referência;sim;fora do derivado;sem_vars;;;Devolver medida disciplinar assinada;flow disparado: EY: Application / Return of Disciplinary Measure (específico do item, published, 0 execuções);;
87cb02061b5ce950a530426fe54bcb55;Aplicação / Devolução de Medida Disciplinar;dividido;"Solicitar emissão de medida disciplinar (advertência)
Devolver medida disciplinar assinada";v_id2;texto;sim;fora do derivado;sem_vars;;;Devolver medida disciplinar assinada;flow disparado: EY: Application / Return of Disciplinary Measure (específico do item, published, 0 execuções);;
87cb02061b5ce950a530426fe54bcb55;Aplicação / Devolução de Medida Disciplinar;dividido;"Solicitar emissão de medida disciplinar (advertência)
Devolver medida disciplinar assinada";v_area_department2;texto;sim;fora do derivado;sem_vars;;;Devolver medida disciplinar assinada;flow disparado: EY: Application / Return of Disciplinary Measure (específico do item, published, 0 execuções);;
87cb02061b5ce950a530426fe54bcb55;Aplicação / Devolução de Medida Disciplinar;dividido;"Solicitar emissão de medida disciplinar (advertência)
Devolver medida disciplinar assinada";v_company2;texto;sim;fora do derivado;sem_vars;;;Devolver medida disciplinar assinada;flow disparado: EY: Application / Return of Disciplinary Measure (específico do item, published, 0 execuções);;
87cb02061b5ce950a530426fe54bcb55;Aplicação / Devolução de Medida Disciplinar;dividido;"Solicitar emissão de medida disciplinar (advertência)
Devolver medida disciplinar assinada";v_reason;texto longo;sim;fora do derivado;sem_vars;;;Devolver medida disciplinar assinada;flow disparado: EY: Application / Return of Disciplinary Measure (específico do item, published, 0 execuções);;
2bd570a487788310ec360e530cbb35c8;CARTÃO COMBUSTÍVEL -  2º VIA, DESBLOQUEIO E ALTERAÇÃO DE LIMITE;dividido;"Solicitar segunda via do cartão combustível
Desbloquear cartão combustível
Alterar limite do cartão combustível";question_card_number;texto;sim;fora do derivado;sem_vars;;;Solicitar segunda via do cartão combustível;"flow disparado: EY: Portal Notification - Escalation (genérico, published, 0 execuções)
flow disparado: ACN: Notifications for Effective Calendar (genérico, published, 23 execuções)
flow disparado: EY: Reopen Flow HTR (genérico, published, 47 execuções)
flow disparado: EY: Close OLA task - Hispanic (genérico, published, 0 execuções)
flow disparado: EY: HTR - Update case to active SLA conditions (genérico, published, 17 execuções)
flow disparado: ACN: Contract Termination (genérico, published, inativo, 0 execuções)
flow disparado: EY: Close OLA task (genérico, published, 4 execuções)
flow disparado: EY: Portal Portal Notification Hispanic - Opening (genérico, published, 4 execuções)
flow disparado: EY: Reopen Flow PTP - Consulta de Fornecedores (genérico, draft, inativo, 0 execuções)";;
2bd570a487788310ec360e530cbb35c8;CARTÃO COMBUSTÍVEL -  2º VIA, DESBLOQUEIO E ALTERAÇÃO DE LIMITE;dividido;"Solicitar segunda via do cartão combustível
Desbloquear cartão combustível
Alterar limite do cartão combustível";question_individual_group;lista;sim;fora do derivado;sem_vars;;;Solicitar segunda via do cartão combustível;"flow disparado: EY: Portal Notification - Escalation (genérico, published, 0 execuções)
flow disparado: ACN: Notifications for Effective Calendar (genérico, published, 23 execuções)
flow disparado: EY: Reopen Flow HTR (genérico, published, 47 execuções)
flow disparado: EY: Close OLA task - Hispanic (genérico, published, 0 execuções)
flow disparado: EY: HTR - Update case to active SLA conditions (genérico, published, 17 execuções)
flow disparado: ACN: Contract Termination (genérico, published, inativo, 0 execuções)
flow disparado: EY: Close OLA task (genérico, published, 4 execuções)
flow disparado: EY: Portal Portal Notification Hispanic - Opening (genérico, published, 4 execuções)
flow disparado: EY: Reopen Flow PTP - Consulta de Fornecedores (genérico, draft, inativo, 0 execuções)";;
2bd570a487788310ec360e530cbb35c8;CARTÃO COMBUSTÍVEL -  2º VIA, DESBLOQUEIO E ALTERAÇÃO DE LIMITE;dividido;"Solicitar segunda via do cartão combustível
Desbloquear cartão combustível
Alterar limite do cartão combustível";question_change_type;lista;sim;fora do derivado;sem_vars;;;Solicitar segunda via do cartão combustível;"flow disparado: EY: Portal Notification - Escalation (genérico, published, 0 execuções)
flow disparado: ACN: Notifications for Effective Calendar (genérico, published, 23 execuções)
flow disparado: EY: Reopen Flow HTR (genérico, published, 47 execuções)
flow disparado: EY: Close OLA task - Hispanic (genérico, published, 0 execuções)
flow disparado: EY: HTR - Update case to active SLA conditions (genérico, published, 17 execuções)
flow disparado: ACN: Contract Termination (genérico, published, inativo, 0 execuções)
flow disparado: EY: Close OLA task (genérico, published, 4 execuções)
flow disparado: EY: Portal Portal Notification Hispanic - Opening (genérico, published, 4 execuções)
flow disparado: EY: Reopen Flow PTP - Consulta de Fornecedores (genérico, draft, inativo, 0 execuções)";;
2bd570a487788310ec360e530cbb35c8;CARTÃO COMBUSTÍVEL -  2º VIA, DESBLOQUEIO E ALTERAÇÃO DE LIMITE;dividido;"Solicitar segunda via do cartão combustível
Desbloquear cartão combustível
Alterar limite do cartão combustível";question_new_limit;texto;sim;fora do derivado;sem_vars;;;Solicitar segunda via do cartão combustível;"flow disparado: EY: Portal Notification - Escalation (genérico, published, 0 execuções)
flow disparado: ACN: Notifications for Effective Calendar (genérico, published, 23 execuções)
flow disparado: EY: Reopen Flow HTR (genérico, published, 47 execuções)
flow disparado: EY: Close OLA task - Hispanic (genérico, published, 0 execuções)
flow disparado: EY: HTR - Update case to active SLA conditions (genérico, published, 17 execuções)
flow disparado: ACN: Contract Termination (genérico, published, inativo, 0 execuções)
flow disparado: EY: Close OLA task (genérico, published, 4 execuções)
flow disparado: EY: Portal Portal Notification Hispanic - Opening (genérico, published, 4 execuções)
flow disparado: EY: Reopen Flow PTP - Consulta de Fornecedores (genérico, draft, inativo, 0 execuções)";;
2bd570a487788310ec360e530cbb35c8;CARTÃO COMBUSTÍVEL -  2º VIA, DESBLOQUEIO E ALTERAÇÃO DE LIMITE;dividido;"Solicitar segunda via do cartão combustível
Desbloquear cartão combustível
Alterar limite do cartão combustível";question_value_supplementation;texto;sim;fora do derivado;sem_vars;;;Solicitar segunda via do cartão combustível;"flow disparado: EY: Portal Notification - Escalation (genérico, published, 0 execuções)
flow disparado: ACN: Notifications for Effective Calendar (genérico, published, 23 execuções)
flow disparado: EY: Reopen Flow HTR (genérico, published, 47 execuções)
flow disparado: EY: Close OLA task - Hispanic (genérico, published, 0 execuções)
flow disparado: EY: HTR - Update case to active SLA conditions (genérico, published, 17 execuções)
flow disparado: ACN: Contract Termination (genérico, published, inativo, 0 execuções)
flow disparado: EY: Close OLA task (genérico, published, 4 execuções)
flow disparado: EY: Portal Portal Notification Hispanic - Opening (genérico, published, 4 execuções)
flow disparado: EY: Reopen Flow PTP - Consulta de Fornecedores (genérico, draft, inativo, 0 execuções)";;
2bd570a487788310ec360e530cbb35c8;CARTÃO COMBUSTÍVEL -  2º VIA, DESBLOQUEIO E ALTERAÇÃO DE LIMITE;dividido;"Solicitar segunda via do cartão combustível
Desbloquear cartão combustível
Alterar limite do cartão combustível";question_month_change;lista;sim;fora do derivado;sem_vars;;;Solicitar segunda via do cartão combustível;"flow disparado: EY: Portal Notification - Escalation (genérico, published, 0 execuções)
flow disparado: ACN: Notifications for Effective Calendar (genérico, published, 23 execuções)
flow disparado: EY: Reopen Flow HTR (genérico, published, 47 execuções)
flow disparado: EY: Close OLA task - Hispanic (genérico, published, 0 execuções)
flow disparado: EY: HTR - Update case to active SLA conditions (genérico, published, 17 execuções)
flow disparado: ACN: Contract Termination (genérico, published, inativo, 0 execuções)
flow disparado: EY: Close OLA task (genérico, published, 4 execuções)
flow disparado: EY: Portal Portal Notification Hispanic - Opening (genérico, published, 4 execuções)
flow disparado: EY: Reopen Flow PTP - Consulta de Fornecedores (genérico, draft, inativo, 0 execuções)";;
2bd570a487788310ec360e530cbb35c8;CARTÃO COMBUSTÍVEL -  2º VIA, DESBLOQUEIO E ALTERAÇÃO DE LIMITE;dividido;"Solicitar segunda via do cartão combustível
Desbloquear cartão combustível
Alterar limite do cartão combustível";question_request_reason;texto;sim;fora do derivado;sem_vars;;;Solicitar segunda via do cartão combustível;"flow disparado: EY: Portal Notification - Escalation (genérico, published, 0 execuções)
flow disparado: ACN: Notifications for Effective Calendar (genérico, published, 23 execuções)
flow disparado: EY: Reopen Flow HTR (genérico, published, 47 execuções)
flow disparado: EY: Close OLA task - Hispanic (genérico, published, 0 execuções)
flow disparado: EY: HTR - Update case to active SLA conditions (genérico, published, 17 execuções)
flow disparado: ACN: Contract Termination (genérico, published, inativo, 0 execuções)
flow disparado: EY: Close OLA task (genérico, published, 4 execuções)
flow disparado: EY: Portal Portal Notification Hispanic - Opening (genérico, published, 4 execuções)
flow disparado: EY: Reopen Flow PTP - Consulta de Fornecedores (genérico, draft, inativo, 0 execuções)";;
2bd570a487788310ec360e530cbb35c8;CARTÃO COMBUSTÍVEL -  2º VIA, DESBLOQUEIO E ALTERAÇÃO DE LIMITE;dividido;"Solicitar segunda via do cartão combustível
Desbloquear cartão combustível
Alterar limite do cartão combustível";question_attach_collaborators;anexo;sim;fora do derivado;sem_vars;;;Solicitar segunda via do cartão combustível;"flow disparado: EY: Portal Notification - Escalation (genérico, published, 0 execuções)
flow disparado: ACN: Notifications for Effective Calendar (genérico, published, 23 execuções)
flow disparado: EY: Reopen Flow HTR (genérico, published, 47 execuções)
flow disparado: EY: Close OLA task - Hispanic (genérico, published, 0 execuções)
flow disparado: EY: HTR - Update case to active SLA conditions (genérico, published, 17 execuções)
flow disparado: ACN: Contract Termination (genérico, published, inativo, 0 execuções)
flow disparado: EY: Close OLA task (genérico, published, 4 execuções)
flow disparado: EY: Portal Portal Notification Hispanic - Opening (genérico, published, 4 execuções)
flow disparado: EY: Reopen Flow PTP - Consulta de Fornecedores (genérico, draft, inativo, 0 execuções)";;
2bd570a487788310ec360e530cbb35c8;CARTÃO COMBUSTÍVEL -  2º VIA, DESBLOQUEIO E ALTERAÇÃO DE LIMITE;dividido;"Solicitar segunda via do cartão combustível
Desbloquear cartão combustível
Alterar limite do cartão combustível";question_attach_manager;anexo;sim;fora do derivado;sem_vars;;;Solicitar segunda via do cartão combustível;"flow disparado: EY: Portal Notification - Escalation (genérico, published, 0 execuções)
flow disparado: ACN: Notifications for Effective Calendar (genérico, published, 23 execuções)
flow disparado: EY: Reopen Flow HTR (genérico, published, 47 execuções)
flow disparado: EY: Close OLA task - Hispanic (genérico, published, 0 execuções)
flow disparado: EY: HTR - Update case to active SLA conditions (genérico, published, 17 execuções)
flow disparado: ACN: Contract Termination (genérico, published, inativo, 0 execuções)
flow disparado: EY: Close OLA task (genérico, published, 4 execuções)
flow disparado: EY: Portal Portal Notification Hispanic - Opening (genérico, published, 4 execuções)
flow disparado: EY: Reopen Flow PTP - Consulta de Fornecedores (genérico, draft, inativo, 0 execuções)";;
2bd570a487788310ec360e530cbb35c8;CARTÃO COMBUSTÍVEL -  2º VIA, DESBLOQUEIO E ALTERAÇÃO DE LIMITE;dividido;"Solicitar segunda via do cartão combustível
Desbloquear cartão combustível
Alterar limite do cartão combustível";question_attach_finance;anexo;sim;fora do derivado;sem_vars;;;Solicitar segunda via do cartão combustível;"flow disparado: EY: Portal Notification - Escalation (genérico, published, 0 execuções)
flow disparado: ACN: Notifications for Effective Calendar (genérico, published, 23 execuções)
flow disparado: EY: Reopen Flow HTR (genérico, published, 47 execuções)
flow disparado: EY: Close OLA task - Hispanic (genérico, published, 0 execuções)
flow disparado: EY: HTR - Update case to active SLA conditions (genérico, published, 17 execuções)
flow disparado: ACN: Contract Termination (genérico, published, inativo, 0 execuções)
flow disparado: EY: Close OLA task (genérico, published, 4 execuções)
flow disparado: EY: Portal Portal Notification Hispanic - Opening (genérico, published, 4 execuções)
flow disparado: EY: Reopen Flow PTP - Consulta de Fornecedores (genérico, draft, inativo, 0 execuções)";;
2bd570a487788310ec360e530cbb35c8;CARTÃO COMBUSTÍVEL -  2º VIA, DESBLOQUEIO E ALTERAÇÃO DE LIMITE;dividido;"Solicitar segunda via do cartão combustível
Desbloquear cartão combustível
Alterar limite do cartão combustível";question_reissuing_reason;lista;sim;fora do derivado;sem_vars;;;Desbloquear cartão combustível;"flow disparado: EY: Portal Notification - Escalation (genérico, published, 0 execuções)
flow disparado: ACN: Notifications for Effective Calendar (genérico, published, 23 execuções)
flow disparado: EY: Reopen Flow HTR (genérico, published, 47 execuções)
flow disparado: EY: Close OLA task - Hispanic (genérico, published, 0 execuções)
flow disparado: EY: HTR - Update case to active SLA conditions (genérico, published, 17 execuções)
flow disparado: ACN: Contract Termination (genérico, published, inativo, 0 execuções)
flow disparado: EY: Close OLA task (genérico, published, 4 execuções)
flow disparado: EY: Portal Portal Notification Hispanic - Opening (genérico, published, 4 execuções)
flow disparado: EY: Reopen Flow PTP - Consulta de Fornecedores (genérico, draft, inativo, 0 execuções)";;
2bd570a487788310ec360e530cbb35c8;CARTÃO COMBUSTÍVEL -  2º VIA, DESBLOQUEIO E ALTERAÇÃO DE LIMITE;dividido;"Solicitar segunda via do cartão combustível
Desbloquear cartão combustível
Alterar limite do cartão combustível";question_zip_code;texto;sim;fora do derivado;sem_vars;;;Desbloquear cartão combustível;"flow disparado: EY: Portal Notification - Escalation (genérico, published, 0 execuções)
flow disparado: ACN: Notifications for Effective Calendar (genérico, published, 23 execuções)
flow disparado: EY: Reopen Flow HTR (genérico, published, 47 execuções)
flow disparado: EY: Close OLA task - Hispanic (genérico, published, 0 execuções)
flow disparado: EY: HTR - Update case to active SLA conditions (genérico, published, 17 execuções)
flow disparado: ACN: Contract Termination (genérico, published, inativo, 0 execuções)
flow disparado: EY: Close OLA task (genérico, published, 4 execuções)
flow disparado: EY: Portal Portal Notification Hispanic - Opening (genérico, published, 4 execuções)
flow disparado: EY: Reopen Flow PTP - Consulta de Fornecedores (genérico, draft, inativo, 0 execuções)";;
2bd570a487788310ec360e530cbb35c8;CARTÃO COMBUSTÍVEL -  2º VIA, DESBLOQUEIO E ALTERAÇÃO DE LIMITE;dividido;"Solicitar segunda via do cartão combustível
Desbloquear cartão combustível
Alterar limite do cartão combustível";question_number;texto;sim;fora do derivado;sem_vars;;;Desbloquear cartão combustível;"flow disparado: EY: Portal Notification - Escalation (genérico, published, 0 execuções)
flow disparado: ACN: Notifications for Effective Calendar (genérico, published, 23 execuções)
flow disparado: EY: Reopen Flow HTR (genérico, published, 47 execuções)
flow disparado: EY: Close OLA task - Hispanic (genérico, published, 0 execuções)
flow disparado: EY: HTR - Update case to active SLA conditions (genérico, published, 17 execuções)
flow disparado: ACN: Contract Termination (genérico, published, inativo, 0 execuções)
flow disparado: EY: Close OLA task (genérico, published, 4 execuções)
flow disparado: EY: Portal Portal Notification Hispanic - Opening (genérico, published, 4 execuções)
flow disparado: EY: Reopen Flow PTP - Consulta de Fornecedores (genérico, draft, inativo, 0 execuções)";;
2bd570a487788310ec360e530cbb35c8;CARTÃO COMBUSTÍVEL -  2º VIA, DESBLOQUEIO E ALTERAÇÃO DE LIMITE;dividido;"Solicitar segunda via do cartão combustível
Desbloquear cartão combustível
Alterar limite do cartão combustível";question_complement;texto;sim;fora do derivado;sem_vars;;;Desbloquear cartão combustível;"flow disparado: EY: Portal Notification - Escalation (genérico, published, 0 execuções)
flow disparado: ACN: Notifications for Effective Calendar (genérico, published, 23 execuções)
flow disparado: EY: Reopen Flow HTR (genérico, published, 47 execuções)
flow disparado: EY: Close OLA task - Hispanic (genérico, published, 0 execuções)
flow disparado: EY: HTR - Update case to active SLA conditions (genérico, published, 17 execuções)
flow disparado: ACN: Contract Termination (genérico, published, inativo, 0 execuções)
flow disparado: EY: Close OLA task (genérico, published, 4 execuções)
flow disparado: EY: Portal Portal Notification Hispanic - Opening (genérico, published, 4 execuções)
flow disparado: EY: Reopen Flow PTP - Consulta de Fornecedores (genérico, draft, inativo, 0 execuções)";;
2bd570a487788310ec360e530cbb35c8;CARTÃO COMBUSTÍVEL -  2º VIA, DESBLOQUEIO E ALTERAÇÃO DE LIMITE;dividido;"Solicitar segunda via do cartão combustível
Desbloquear cartão combustível
Alterar limite do cartão combustível";question_street;texto;sim;fora do derivado;sem_vars;;;Desbloquear cartão combustível;"flow disparado: EY: Portal Notification - Escalation (genérico, published, 0 execuções)
flow disparado: ACN: Notifications for Effective Calendar (genérico, published, 23 execuções)
flow disparado: EY: Reopen Flow HTR (genérico, published, 47 execuções)
flow disparado: EY: Close OLA task - Hispanic (genérico, published, 0 execuções)
flow disparado: EY: HTR - Update case to active SLA conditions (genérico, published, 17 execuções)
flow disparado: ACN: Contract Termination (genérico, published, inativo, 0 execuções)
flow disparado: EY: Close OLA task (genérico, published, 4 execuções)
flow disparado: EY: Portal Portal Notification Hispanic - Opening (genérico, published, 4 execuções)
flow disparado: EY: Reopen Flow PTP - Consulta de Fornecedores (genérico, draft, inativo, 0 execuções)";;
2bd570a487788310ec360e530cbb35c8;CARTÃO COMBUSTÍVEL -  2º VIA, DESBLOQUEIO E ALTERAÇÃO DE LIMITE;dividido;"Solicitar segunda via do cartão combustível
Desbloquear cartão combustível
Alterar limite do cartão combustível";question_neighborhood;texto;sim;fora do derivado;sem_vars;;;Desbloquear cartão combustível;"flow disparado: EY: Portal Notification - Escalation (genérico, published, 0 execuções)
flow disparado: ACN: Notifications for Effective Calendar (genérico, published, 23 execuções)
flow disparado: EY: Reopen Flow HTR (genérico, published, 47 execuções)
flow disparado: EY: Close OLA task - Hispanic (genérico, published, 0 execuções)
flow disparado: EY: HTR - Update case to active SLA conditions (genérico, published, 17 execuções)
flow disparado: ACN: Contract Termination (genérico, published, inativo, 0 execuções)
flow disparado: EY: Close OLA task (genérico, published, 4 execuções)
flow disparado: EY: Portal Portal Notification Hispanic - Opening (genérico, published, 4 execuções)
flow disparado: EY: Reopen Flow PTP - Consulta de Fornecedores (genérico, draft, inativo, 0 execuções)";;
2bd570a487788310ec360e530cbb35c8;CARTÃO COMBUSTÍVEL -  2º VIA, DESBLOQUEIO E ALTERAÇÃO DE LIMITE;dividido;"Solicitar segunda via do cartão combustível
Desbloquear cartão combustível
Alterar limite do cartão combustível";question_city;texto;sim;fora do derivado;sem_vars;;;Desbloquear cartão combustível;"flow disparado: EY: Portal Notification - Escalation (genérico, published, 0 execuções)
flow disparado: ACN: Notifications for Effective Calendar (genérico, published, 23 execuções)
flow disparado: EY: Reopen Flow HTR (genérico, published, 47 execuções)
flow disparado: EY: Close OLA task - Hispanic (genérico, published, 0 execuções)
flow disparado: EY: HTR - Update case to active SLA conditions (genérico, published, 17 execuções)
flow disparado: ACN: Contract Termination (genérico, published, inativo, 0 execuções)
flow disparado: EY: Close OLA task (genérico, published, 4 execuções)
flow disparado: EY: Portal Portal Notification Hispanic - Opening (genérico, published, 4 execuções)
flow disparado: EY: Reopen Flow PTP - Consulta de Fornecedores (genérico, draft, inativo, 0 execuções)";;
2bd570a487788310ec360e530cbb35c8;CARTÃO COMBUSTÍVEL -  2º VIA, DESBLOQUEIO E ALTERAÇÃO DE LIMITE;dividido;"Solicitar segunda via do cartão combustível
Desbloquear cartão combustível
Alterar limite do cartão combustível";question_state;texto;sim;fora do derivado;sem_vars;;;Desbloquear cartão combustível;"flow disparado: EY: Portal Notification - Escalation (genérico, published, 0 execuções)
flow disparado: ACN: Notifications for Effective Calendar (genérico, published, 23 execuções)
flow disparado: EY: Reopen Flow HTR (genérico, published, 47 execuções)
flow disparado: EY: Close OLA task - Hispanic (genérico, published, 0 execuções)
flow disparado: EY: HTR - Update case to active SLA conditions (genérico, published, 17 execuções)
flow disparado: ACN: Contract Termination (genérico, published, inativo, 0 execuções)
flow disparado: EY: Close OLA task (genérico, published, 4 execuções)
flow disparado: EY: Portal Portal Notification Hispanic - Opening (genérico, published, 4 execuções)
flow disparado: EY: Reopen Flow PTP - Consulta de Fornecedores (genérico, draft, inativo, 0 execuções)";;
2bd570a487788310ec360e530cbb35c8;CARTÃO COMBUSTÍVEL -  2º VIA, DESBLOQUEIO E ALTERAÇÃO DE LIMITE;dividido;"Solicitar segunda via do cartão combustível
Desbloquear cartão combustível
Alterar limite do cartão combustível";question_individual_group;lista;sim;fora do derivado;sem_vars;;;Desbloquear cartão combustível;"flow disparado: EY: Portal Notification - Escalation (genérico, published, 0 execuções)
flow disparado: ACN: Notifications for Effective Calendar (genérico, published, 23 execuções)
flow disparado: EY: Reopen Flow HTR (genérico, published, 47 execuções)
flow disparado: EY: Close OLA task - Hispanic (genérico, published, 0 execuções)
flow disparado: EY: HTR - Update case to active SLA conditions (genérico, published, 17 execuções)
flow disparado: ACN: Contract Termination (genérico, published, inativo, 0 execuções)
flow disparado: EY: Close OLA task (genérico, published, 4 execuções)
flow disparado: EY: Portal Portal Notification Hispanic - Opening (genérico, published, 4 execuções)
flow disparado: EY: Reopen Flow PTP - Consulta de Fornecedores (genérico, draft, inativo, 0 execuções)";;
2bd570a487788310ec360e530cbb35c8;CARTÃO COMBUSTÍVEL -  2º VIA, DESBLOQUEIO E ALTERAÇÃO DE LIMITE;dividido;"Solicitar segunda via do cartão combustível
Desbloquear cartão combustível
Alterar limite do cartão combustível";question_change_type;lista;sim;fora do derivado;sem_vars;;;Desbloquear cartão combustível;"flow disparado: EY: Portal Notification - Escalation (genérico, published, 0 execuções)
flow disparado: ACN: Notifications for Effective Calendar (genérico, published, 23 execuções)
flow disparado: EY: Reopen Flow HTR (genérico, published, 47 execuções)
flow disparado: EY: Close OLA task - Hispanic (genérico, published, 0 execuções)
flow disparado: EY: HTR - Update case to active SLA conditions (genérico, published, 17 execuções)
flow disparado: ACN: Contract Termination (genérico, published, inativo, 0 execuções)
flow disparado: EY: Close OLA task (genérico, published, 4 execuções)
flow disparado: EY: Portal Portal Notification Hispanic - Opening (genérico, published, 4 execuções)
flow disparado: EY: Reopen Flow PTP - Consulta de Fornecedores (genérico, draft, inativo, 0 execuções)";;
2bd570a487788310ec360e530cbb35c8;CARTÃO COMBUSTÍVEL -  2º VIA, DESBLOQUEIO E ALTERAÇÃO DE LIMITE;dividido;"Solicitar segunda via do cartão combustível
Desbloquear cartão combustível
Alterar limite do cartão combustível";question_new_limit;texto;sim;fora do derivado;sem_vars;;;Desbloquear cartão combustível;"flow disparado: EY: Portal Notification - Escalation (genérico, published, 0 execuções)
flow disparado: ACN: Notifications for Effective Calendar (genérico, published, 23 execuções)
flow disparado: EY: Reopen Flow HTR (genérico, published, 47 execuções)
flow disparado: EY: Close OLA task - Hispanic (genérico, published, 0 execuções)
flow disparado: EY: HTR - Update case to active SLA conditions (genérico, published, 17 execuções)
flow disparado: ACN: Contract Termination (genérico, published, inativo, 0 execuções)
flow disparado: EY: Close OLA task (genérico, published, 4 execuções)
flow disparado: EY: Portal Portal Notification Hispanic - Opening (genérico, published, 4 execuções)
flow disparado: EY: Reopen Flow PTP - Consulta de Fornecedores (genérico, draft, inativo, 0 execuções)";;
2bd570a487788310ec360e530cbb35c8;CARTÃO COMBUSTÍVEL -  2º VIA, DESBLOQUEIO E ALTERAÇÃO DE LIMITE;dividido;"Solicitar segunda via do cartão combustível
Desbloquear cartão combustível
Alterar limite do cartão combustível";question_value_supplementation;texto;sim;fora do derivado;sem_vars;;;Desbloquear cartão combustível;"flow disparado: EY: Portal Notification - Escalation (genérico, published, 0 execuções)
flow disparado: ACN: Notifications for Effective Calendar (genérico, published, 23 execuções)
flow disparado: EY: Reopen Flow HTR (genérico, published, 47 execuções)
flow disparado: EY: Close OLA task - Hispanic (genérico, published, 0 execuções)
flow disparado: EY: HTR - Update case to active SLA conditions (genérico, published, 17 execuções)
flow disparado: ACN: Contract Termination (genérico, published, inativo, 0 execuções)
flow disparado: EY: Close OLA task (genérico, published, 4 execuções)
flow disparado: EY: Portal Portal Notification Hispanic - Opening (genérico, published, 4 execuções)
flow disparado: EY: Reopen Flow PTP - Consulta de Fornecedores (genérico, draft, inativo, 0 execuções)";;
2bd570a487788310ec360e530cbb35c8;CARTÃO COMBUSTÍVEL -  2º VIA, DESBLOQUEIO E ALTERAÇÃO DE LIMITE;dividido;"Solicitar segunda via do cartão combustível
Desbloquear cartão combustível
Alterar limite do cartão combustível";question_month_change;lista;sim;fora do derivado;sem_vars;;;Desbloquear cartão combustível;"flow disparado: EY: Portal Notification - Escalation (genérico, published, 0 execuções)
flow disparado: ACN: Notifications for Effective Calendar (genérico, published, 23 execuções)
flow disparado: EY: Reopen Flow HTR (genérico, published, 47 execuções)
flow disparado: EY: Close OLA task - Hispanic (genérico, published, 0 execuções)
flow disparado: EY: HTR - Update case to active SLA conditions (genérico, published, 17 execuções)
flow disparado: ACN: Contract Termination (genérico, published, inativo, 0 execuções)
flow disparado: EY: Close OLA task (genérico, published, 4 execuções)
flow disparado: EY: Portal Portal Notification Hispanic - Opening (genérico, published, 4 execuções)
flow disparado: EY: Reopen Flow PTP - Consulta de Fornecedores (genérico, draft, inativo, 0 execuções)";;
2bd570a487788310ec360e530cbb35c8;CARTÃO COMBUSTÍVEL -  2º VIA, DESBLOQUEIO E ALTERAÇÃO DE LIMITE;dividido;"Solicitar segunda via do cartão combustível
Desbloquear cartão combustível
Alterar limite do cartão combustível";question_request_reason;texto;sim;fora do derivado;sem_vars;;;Desbloquear cartão combustível;"flow disparado: EY: Portal Notification - Escalation (genérico, published, 0 execuções)
flow disparado: ACN: Notifications for Effective Calendar (genérico, published, 23 execuções)
flow disparado: EY: Reopen Flow HTR (genérico, published, 47 execuções)
flow disparado: EY: Close OLA task - Hispanic (genérico, published, 0 execuções)
flow disparado: EY: HTR - Update case to active SLA conditions (genérico, published, 17 execuções)
flow disparado: ACN: Contract Termination (genérico, published, inativo, 0 execuções)
flow disparado: EY: Close OLA task (genérico, published, 4 execuções)
flow disparado: EY: Portal Portal Notification Hispanic - Opening (genérico, published, 4 execuções)
flow disparado: EY: Reopen Flow PTP - Consulta de Fornecedores (genérico, draft, inativo, 0 execuções)";;
2bd570a487788310ec360e530cbb35c8;CARTÃO COMBUSTÍVEL -  2º VIA, DESBLOQUEIO E ALTERAÇÃO DE LIMITE;dividido;"Solicitar segunda via do cartão combustível
Desbloquear cartão combustível
Alterar limite do cartão combustível";question_attach_collaborators;anexo;sim;fora do derivado;sem_vars;;;Desbloquear cartão combustível;"flow disparado: EY: Portal Notification - Escalation (genérico, published, 0 execuções)
flow disparado: ACN: Notifications for Effective Calendar (genérico, published, 23 execuções)
flow disparado: EY: Reopen Flow HTR (genérico, published, 47 execuções)
flow disparado: EY: Close OLA task - Hispanic (genérico, published, 0 execuções)
flow disparado: EY: HTR - Update case to active SLA conditions (genérico, published, 17 execuções)
flow disparado: ACN: Contract Termination (genérico, published, inativo, 0 execuções)
flow disparado: EY: Close OLA task (genérico, published, 4 execuções)
flow disparado: EY: Portal Portal Notification Hispanic - Opening (genérico, published, 4 execuções)
flow disparado: EY: Reopen Flow PTP - Consulta de Fornecedores (genérico, draft, inativo, 0 execuções)";;
2bd570a487788310ec360e530cbb35c8;CARTÃO COMBUSTÍVEL -  2º VIA, DESBLOQUEIO E ALTERAÇÃO DE LIMITE;dividido;"Solicitar segunda via do cartão combustível
Desbloquear cartão combustível
Alterar limite do cartão combustível";question_attach_manager;anexo;sim;fora do derivado;sem_vars;;;Desbloquear cartão combustível;"flow disparado: EY: Portal Notification - Escalation (genérico, published, 0 execuções)
flow disparado: ACN: Notifications for Effective Calendar (genérico, published, 23 execuções)
flow disparado: EY: Reopen Flow HTR (genérico, published, 47 execuções)
flow disparado: EY: Close OLA task - Hispanic (genérico, published, 0 execuções)
flow disparado: EY: HTR - Update case to active SLA conditions (genérico, published, 17 execuções)
flow disparado: ACN: Contract Termination (genérico, published, inativo, 0 execuções)
flow disparado: EY: Close OLA task (genérico, published, 4 execuções)
flow disparado: EY: Portal Portal Notification Hispanic - Opening (genérico, published, 4 execuções)
flow disparado: EY: Reopen Flow PTP - Consulta de Fornecedores (genérico, draft, inativo, 0 execuções)";;
2bd570a487788310ec360e530cbb35c8;CARTÃO COMBUSTÍVEL -  2º VIA, DESBLOQUEIO E ALTERAÇÃO DE LIMITE;dividido;"Solicitar segunda via do cartão combustível
Desbloquear cartão combustível
Alterar limite do cartão combustível";question_attach_finance;anexo;sim;fora do derivado;sem_vars;;;Desbloquear cartão combustível;"flow disparado: EY: Portal Notification - Escalation (genérico, published, 0 execuções)
flow disparado: ACN: Notifications for Effective Calendar (genérico, published, 23 execuções)
flow disparado: EY: Reopen Flow HTR (genérico, published, 47 execuções)
flow disparado: EY: Close OLA task - Hispanic (genérico, published, 0 execuções)
flow disparado: EY: HTR - Update case to active SLA conditions (genérico, published, 17 execuções)
flow disparado: ACN: Contract Termination (genérico, published, inativo, 0 execuções)
flow disparado: EY: Close OLA task (genérico, published, 4 execuções)
flow disparado: EY: Portal Portal Notification Hispanic - Opening (genérico, published, 4 execuções)
flow disparado: EY: Reopen Flow PTP - Consulta de Fornecedores (genérico, draft, inativo, 0 execuções)";;
2bd570a487788310ec360e530cbb35c8;CARTÃO COMBUSTÍVEL -  2º VIA, DESBLOQUEIO E ALTERAÇÃO DE LIMITE;dividido;"Solicitar segunda via do cartão combustível
Desbloquear cartão combustível
Alterar limite do cartão combustível";question_request_who;lista;sim;fora do derivado;sem_vars;;;Alterar limite do cartão combustível;"flow disparado: EY: Portal Notification - Escalation (genérico, published, 0 execuções)
flow disparado: ACN: Notifications for Effective Calendar (genérico, published, 23 execuções)
flow disparado: EY: Reopen Flow HTR (genérico, published, 47 execuções)
flow disparado: EY: Close OLA task - Hispanic (genérico, published, 0 execuções)
flow disparado: EY: HTR - Update case to active SLA conditions (genérico, published, 17 execuções)
flow disparado: ACN: Contract Termination (genérico, published, inativo, 0 execuções)
flow disparado: EY: Close OLA task (genérico, published, 4 execuções)
flow disparado: EY: Portal Portal Notification Hispanic - Opening (genérico, published, 4 execuções)
flow disparado: EY: Reopen Flow PTP - Consulta de Fornecedores (genérico, draft, inativo, 0 execuções)";;
2bd570a487788310ec360e530cbb35c8;CARTÃO COMBUSTÍVEL -  2º VIA, DESBLOQUEIO E ALTERAÇÃO DE LIMITE;dividido;"Solicitar segunda via do cartão combustível
Desbloquear cartão combustível
Alterar limite do cartão combustível";question_reissuing_reason;lista;sim;fora do derivado;sem_vars;;;Alterar limite do cartão combustível;"flow disparado: EY: Portal Notification - Escalation (genérico, published, 0 execuções)
flow disparado: ACN: Notifications for Effective Calendar (genérico, published, 23 execuções)
flow disparado: EY: Reopen Flow HTR (genérico, published, 47 execuções)
flow disparado: EY: Close OLA task - Hispanic (genérico, published, 0 execuções)
flow disparado: EY: HTR - Update case to active SLA conditions (genérico, published, 17 execuções)
flow disparado: ACN: Contract Termination (genérico, published, inativo, 0 execuções)
flow disparado: EY: Close OLA task (genérico, published, 4 execuções)
flow disparado: EY: Portal Portal Notification Hispanic - Opening (genérico, published, 4 execuções)
flow disparado: EY: Reopen Flow PTP - Consulta de Fornecedores (genérico, draft, inativo, 0 execuções)";;
2bd570a487788310ec360e530cbb35c8;CARTÃO COMBUSTÍVEL -  2º VIA, DESBLOQUEIO E ALTERAÇÃO DE LIMITE;dividido;"Solicitar segunda via do cartão combustível
Desbloquear cartão combustível
Alterar limite do cartão combustível";question_zip_code;texto;sim;fora do derivado;sem_vars;;;Alterar limite do cartão combustível;"flow disparado: EY: Portal Notification - Escalation (genérico, published, 0 execuções)
flow disparado: ACN: Notifications for Effective Calendar (genérico, published, 23 execuções)
flow disparado: EY: Reopen Flow HTR (genérico, published, 47 execuções)
flow disparado: EY: Close OLA task - Hispanic (genérico, published, 0 execuções)
flow disparado: EY: HTR - Update case to active SLA conditions (genérico, published, 17 execuções)
flow disparado: ACN: Contract Termination (genérico, published, inativo, 0 execuções)
flow disparado: EY: Close OLA task (genérico, published, 4 execuções)
flow disparado: EY: Portal Portal Notification Hispanic - Opening (genérico, published, 4 execuções)
flow disparado: EY: Reopen Flow PTP - Consulta de Fornecedores (genérico, draft, inativo, 0 execuções)";;
2bd570a487788310ec360e530cbb35c8;CARTÃO COMBUSTÍVEL -  2º VIA, DESBLOQUEIO E ALTERAÇÃO DE LIMITE;dividido;"Solicitar segunda via do cartão combustível
Desbloquear cartão combustível
Alterar limite do cartão combustível";question_number;texto;sim;fora do derivado;sem_vars;;;Alterar limite do cartão combustível;"flow disparado: EY: Portal Notification - Escalation (genérico, published, 0 execuções)
flow disparado: ACN: Notifications for Effective Calendar (genérico, published, 23 execuções)
flow disparado: EY: Reopen Flow HTR (genérico, published, 47 execuções)
flow disparado: EY: Close OLA task - Hispanic (genérico, published, 0 execuções)
flow disparado: EY: HTR - Update case to active SLA conditions (genérico, published, 17 execuções)
flow disparado: ACN: Contract Termination (genérico, published, inativo, 0 execuções)
flow disparado: EY: Close OLA task (genérico, published, 4 execuções)
flow disparado: EY: Portal Portal Notification Hispanic - Opening (genérico, published, 4 execuções)
flow disparado: EY: Reopen Flow PTP - Consulta de Fornecedores (genérico, draft, inativo, 0 execuções)";;
2bd570a487788310ec360e530cbb35c8;CARTÃO COMBUSTÍVEL -  2º VIA, DESBLOQUEIO E ALTERAÇÃO DE LIMITE;dividido;"Solicitar segunda via do cartão combustível
Desbloquear cartão combustível
Alterar limite do cartão combustível";question_complement;texto;sim;fora do derivado;sem_vars;;;Alterar limite do cartão combustível;"flow disparado: EY: Portal Notification - Escalation (genérico, published, 0 execuções)
flow disparado: ACN: Notifications for Effective Calendar (genérico, published, 23 execuções)
flow disparado: EY: Reopen Flow HTR (genérico, published, 47 execuções)
flow disparado: EY: Close OLA task - Hispanic (genérico, published, 0 execuções)
flow disparado: EY: HTR - Update case to active SLA conditions (genérico, published, 17 execuções)
flow disparado: ACN: Contract Termination (genérico, published, inativo, 0 execuções)
flow disparado: EY: Close OLA task (genérico, published, 4 execuções)
flow disparado: EY: Portal Portal Notification Hispanic - Opening (genérico, published, 4 execuções)
flow disparado: EY: Reopen Flow PTP - Consulta de Fornecedores (genérico, draft, inativo, 0 execuções)";;
2bd570a487788310ec360e530cbb35c8;CARTÃO COMBUSTÍVEL -  2º VIA, DESBLOQUEIO E ALTERAÇÃO DE LIMITE;dividido;"Solicitar segunda via do cartão combustível
Desbloquear cartão combustível
Alterar limite do cartão combustível";question_street;texto;sim;fora do derivado;sem_vars;;;Alterar limite do cartão combustível;"flow disparado: EY: Portal Notification - Escalation (genérico, published, 0 execuções)
flow disparado: ACN: Notifications for Effective Calendar (genérico, published, 23 execuções)
flow disparado: EY: Reopen Flow HTR (genérico, published, 47 execuções)
flow disparado: EY: Close OLA task - Hispanic (genérico, published, 0 execuções)
flow disparado: EY: HTR - Update case to active SLA conditions (genérico, published, 17 execuções)
flow disparado: ACN: Contract Termination (genérico, published, inativo, 0 execuções)
flow disparado: EY: Close OLA task (genérico, published, 4 execuções)
flow disparado: EY: Portal Portal Notification Hispanic - Opening (genérico, published, 4 execuções)
flow disparado: EY: Reopen Flow PTP - Consulta de Fornecedores (genérico, draft, inativo, 0 execuções)";;
2bd570a487788310ec360e530cbb35c8;CARTÃO COMBUSTÍVEL -  2º VIA, DESBLOQUEIO E ALTERAÇÃO DE LIMITE;dividido;"Solicitar segunda via do cartão combustível
Desbloquear cartão combustível
Alterar limite do cartão combustível";question_neighborhood;texto;sim;fora do derivado;sem_vars;;;Alterar limite do cartão combustível;"flow disparado: EY: Portal Notification - Escalation (genérico, published, 0 execuções)
flow disparado: ACN: Notifications for Effective Calendar (genérico, published, 23 execuções)
flow disparado: EY: Reopen Flow HTR (genérico, published, 47 execuções)
flow disparado: EY: Close OLA task - Hispanic (genérico, published, 0 execuções)
flow disparado: EY: HTR - Update case to active SLA conditions (genérico, published, 17 execuções)
flow disparado: ACN: Contract Termination (genérico, published, inativo, 0 execuções)
flow disparado: EY: Close OLA task (genérico, published, 4 execuções)
flow disparado: EY: Portal Portal Notification Hispanic - Opening (genérico, published, 4 execuções)
flow disparado: EY: Reopen Flow PTP - Consulta de Fornecedores (genérico, draft, inativo, 0 execuções)";;
2bd570a487788310ec360e530cbb35c8;CARTÃO COMBUSTÍVEL -  2º VIA, DESBLOQUEIO E ALTERAÇÃO DE LIMITE;dividido;"Solicitar segunda via do cartão combustível
Desbloquear cartão combustível
Alterar limite do cartão combustível";question_city;texto;sim;fora do derivado;sem_vars;;;Alterar limite do cartão combustível;"flow disparado: EY: Portal Notification - Escalation (genérico, published, 0 execuções)
flow disparado: ACN: Notifications for Effective Calendar (genérico, published, 23 execuções)
flow disparado: EY: Reopen Flow HTR (genérico, published, 47 execuções)
flow disparado: EY: Close OLA task - Hispanic (genérico, published, 0 execuções)
flow disparado: EY: HTR - Update case to active SLA conditions (genérico, published, 17 execuções)
flow disparado: ACN: Contract Termination (genérico, published, inativo, 0 execuções)
flow disparado: EY: Close OLA task (genérico, published, 4 execuções)
flow disparado: EY: Portal Portal Notification Hispanic - Opening (genérico, published, 4 execuções)
flow disparado: EY: Reopen Flow PTP - Consulta de Fornecedores (genérico, draft, inativo, 0 execuções)";;
2bd570a487788310ec360e530cbb35c8;CARTÃO COMBUSTÍVEL -  2º VIA, DESBLOQUEIO E ALTERAÇÃO DE LIMITE;dividido;"Solicitar segunda via do cartão combustível
Desbloquear cartão combustível
Alterar limite do cartão combustível";question_state;texto;sim;fora do derivado;sem_vars;;;Alterar limite do cartão combustível;"flow disparado: EY: Portal Notification - Escalation (genérico, published, 0 execuções)
flow disparado: ACN: Notifications for Effective Calendar (genérico, published, 23 execuções)
flow disparado: EY: Reopen Flow HTR (genérico, published, 47 execuções)
flow disparado: EY: Close OLA task - Hispanic (genérico, published, 0 execuções)
flow disparado: EY: HTR - Update case to active SLA conditions (genérico, published, 17 execuções)
flow disparado: ACN: Contract Termination (genérico, published, inativo, 0 execuções)
flow disparado: EY: Close OLA task (genérico, published, 4 execuções)
flow disparado: EY: Portal Portal Notification Hispanic - Opening (genérico, published, 4 execuções)
flow disparado: EY: Reopen Flow PTP - Consulta de Fornecedores (genérico, draft, inativo, 0 execuções)";;
2bd570a487788310ec360e530cbb35c8;CARTÃO COMBUSTÍVEL -  2º VIA, DESBLOQUEIO E ALTERAÇÃO DE LIMITE;dividido;"Solicitar segunda via do cartão combustível
Desbloquear cartão combustível
Alterar limite do cartão combustível";question_card_number;texto;sim;fora do derivado;sem_vars;;;Alterar limite do cartão combustível;"flow disparado: EY: Portal Notification - Escalation (genérico, published, 0 execuções)
flow disparado: ACN: Notifications for Effective Calendar (genérico, published, 23 execuções)
flow disparado: EY: Reopen Flow HTR (genérico, published, 47 execuções)
flow disparado: EY: Close OLA task - Hispanic (genérico, published, 0 execuções)
flow disparado: EY: HTR - Update case to active SLA conditions (genérico, published, 17 execuções)
flow disparado: ACN: Contract Termination (genérico, published, inativo, 0 execuções)
flow disparado: EY: Close OLA task (genérico, published, 4 execuções)
flow disparado: EY: Portal Portal Notification Hispanic - Opening (genérico, published, 4 execuções)
flow disparado: EY: Reopen Flow PTP - Consulta de Fornecedores (genérico, draft, inativo, 0 execuções)";;
1ccb68a91bdf0a10d1abda4ce54bcb5c;Consulta de Fornecedores;dividido;"Consultar status ou comprovante de pagamento de nota fiscal (interno)
Solicitar composição de pagamento a fornecedor (interno)
Consultar ou corrigir lançamento de nota fiscal de fornecedor (interno)";v_how_many_records_do_you_want_to_insert;lista;sim;unida;substituida_por;nova_lista_notas;Informe o número e o valor de cada nota fiscal (até 5, uma por linha).;todos;flow disparado: EY: PTP - INTERNO Consulta de Fornecedores v1 (específico do item, published, 36 execuções);;
1ccb68a91bdf0a10d1abda4ce54bcb5c;Consulta de Fornecedores;dividido;"Consultar status ou comprovante de pagamento de nota fiscal (interno)
Solicitar composição de pagamento a fornecedor (interno)
Consultar ou corrigir lançamento de nota fiscal de fornecedor (interno)";v_request_number;texto;sim;unida;substituida_por;nova_lista_notas;Informe o número e o valor de cada nota fiscal (até 5, uma por linha).;todos;flow disparado: EY: PTP - INTERNO Consulta de Fornecedores v1 (específico do item, published, 36 execuções);;
1ccb68a91bdf0a10d1abda4ce54bcb5c;Consulta de Fornecedores;dividido;"Consultar status ou comprovante de pagamento de nota fiscal (interno)
Solicitar composição de pagamento a fornecedor (interno)
Consultar ou corrigir lançamento de nota fiscal de fornecedor (interno)";v_request_number_2;texto;sim;unida;substituida_por;nova_lista_notas;Informe o número e o valor de cada nota fiscal (até 5, uma por linha).;todos;flow disparado: EY: PTP - INTERNO Consulta de Fornecedores v1 (específico do item, published, 36 execuções);;
1ccb68a91bdf0a10d1abda4ce54bcb5c;Consulta de Fornecedores;dividido;"Consultar status ou comprovante de pagamento de nota fiscal (interno)
Solicitar composição de pagamento a fornecedor (interno)
Consultar ou corrigir lançamento de nota fiscal de fornecedor (interno)";v_request_number_3;texto;sim;unida;substituida_por;nova_lista_notas;Informe o número e o valor de cada nota fiscal (até 5, uma por linha).;todos;flow disparado: EY: PTP - INTERNO Consulta de Fornecedores v1 (específico do item, published, 36 execuções);;
1ccb68a91bdf0a10d1abda4ce54bcb5c;Consulta de Fornecedores;dividido;"Consultar status ou comprovante de pagamento de nota fiscal (interno)
Solicitar composição de pagamento a fornecedor (interno)
Consultar ou corrigir lançamento de nota fiscal de fornecedor (interno)";v_request_number_4;texto;sim;unida;substituida_por;nova_lista_notas;Informe o número e o valor de cada nota fiscal (até 5, uma por linha).;todos;flow disparado: EY: PTP - INTERNO Consulta de Fornecedores v1 (específico do item, published, 36 execuções);;
1ccb68a91bdf0a10d1abda4ce54bcb5c;Consulta de Fornecedores;dividido;"Consultar status ou comprovante de pagamento de nota fiscal (interno)
Solicitar composição de pagamento a fornecedor (interno)
Consultar ou corrigir lançamento de nota fiscal de fornecedor (interno)";v_request_number_5;texto;sim;unida;substituida_por;nova_lista_notas;Informe o número e o valor de cada nota fiscal (até 5, uma por linha).;todos;flow disparado: EY: PTP - INTERNO Consulta de Fornecedores v1 (específico do item, published, 36 execuções);;
1ccb68a91bdf0a10d1abda4ce54bcb5c;Consulta de Fornecedores;dividido;"Consultar status ou comprovante de pagamento de nota fiscal (interno)
Solicitar composição de pagamento a fornecedor (interno)
Consultar ou corrigir lançamento de nota fiscal de fornecedor (interno)";v_document_number_invoice;texto;sim;unida;substituida_por;nova_lista_notas;Informe o número e o valor de cada nota fiscal (até 5, uma por linha).;todos;flow disparado: EY: PTP - INTERNO Consulta de Fornecedores v1 (específico do item, published, 36 execuções);;
1ccb68a91bdf0a10d1abda4ce54bcb5c;Consulta de Fornecedores;dividido;"Consultar status ou comprovante de pagamento de nota fiscal (interno)
Solicitar composição de pagamento a fornecedor (interno)
Consultar ou corrigir lançamento de nota fiscal de fornecedor (interno)";v_numero_da_fatura_2;texto;sim;unida;substituida_por;nova_lista_notas;Informe o número e o valor de cada nota fiscal (até 5, uma por linha).;todos;flow disparado: EY: PTP - INTERNO Consulta de Fornecedores v1 (específico do item, published, 36 execuções);;
1ccb68a91bdf0a10d1abda4ce54bcb5c;Consulta de Fornecedores;dividido;"Consultar status ou comprovante de pagamento de nota fiscal (interno)
Solicitar composição de pagamento a fornecedor (interno)
Consultar ou corrigir lançamento de nota fiscal de fornecedor (interno)";v_document_number_invoice_3;texto;sim;unida;substituida_por;nova_lista_notas;Informe o número e o valor de cada nota fiscal (até 5, uma por linha).;todos;flow disparado: EY: PTP - INTERNO Consulta de Fornecedores v1 (específico do item, published, 36 execuções);;
1ccb68a91bdf0a10d1abda4ce54bcb5c;Consulta de Fornecedores;dividido;"Consultar status ou comprovante de pagamento de nota fiscal (interno)
Solicitar composição de pagamento a fornecedor (interno)
Consultar ou corrigir lançamento de nota fiscal de fornecedor (interno)";v_document_number_invoice_4;texto;sim;unida;substituida_por;nova_lista_notas;Informe o número e o valor de cada nota fiscal (até 5, uma por linha).;todos;flow disparado: EY: PTP - INTERNO Consulta de Fornecedores v1 (específico do item, published, 36 execuções);;
1ccb68a91bdf0a10d1abda4ce54bcb5c;Consulta de Fornecedores;dividido;"Consultar status ou comprovante de pagamento de nota fiscal (interno)
Solicitar composição de pagamento a fornecedor (interno)
Consultar ou corrigir lançamento de nota fiscal de fornecedor (interno)";v_document_number_invoice_5;texto;sim;unida;substituida_por;nova_lista_notas;Informe o número e o valor de cada nota fiscal (até 5, uma por linha).;todos;flow disparado: EY: PTP - INTERNO Consulta de Fornecedores v1 (específico do item, published, 36 execuções);;
1ccb68a91bdf0a10d1abda4ce54bcb5c;Consulta de Fornecedores;dividido;"Consultar status ou comprovante de pagamento de nota fiscal (interno)
Solicitar composição de pagamento a fornecedor (interno)
Consultar ou corrigir lançamento de nota fiscal de fornecedor (interno)";v_invoice_amount_status;texto;sim;unida;substituida_por;nova_lista_notas;Informe o número e o valor de cada nota fiscal (até 5, uma por linha).;todos;flow disparado: EY: PTP - INTERNO Consulta de Fornecedores v1 (específico do item, published, 36 execuções);;
1ccb68a91bdf0a10d1abda4ce54bcb5c;Consulta de Fornecedores;dividido;"Consultar status ou comprovante de pagamento de nota fiscal (interno)
Solicitar composição de pagamento a fornecedor (interno)
Consultar ou corrigir lançamento de nota fiscal de fornecedor (interno)";v_nvoice_amount_2;texto;sim;unida;substituida_por;nova_lista_notas;Informe o número e o valor de cada nota fiscal (até 5, uma por linha).;todos;flow disparado: EY: PTP - INTERNO Consulta de Fornecedores v1 (específico do item, published, 36 execuções);;
1ccb68a91bdf0a10d1abda4ce54bcb5c;Consulta de Fornecedores;dividido;"Consultar status ou comprovante de pagamento de nota fiscal (interno)
Solicitar composição de pagamento a fornecedor (interno)
Consultar ou corrigir lançamento de nota fiscal de fornecedor (interno)";v_invoice_amount_3;texto;sim;unida;substituida_por;nova_lista_notas;Informe o número e o valor de cada nota fiscal (até 5, uma por linha).;todos;flow disparado: EY: PTP - INTERNO Consulta de Fornecedores v1 (específico do item, published, 36 execuções);;
1ccb68a91bdf0a10d1abda4ce54bcb5c;Consulta de Fornecedores;dividido;"Consultar status ou comprovante de pagamento de nota fiscal (interno)
Solicitar composição de pagamento a fornecedor (interno)
Consultar ou corrigir lançamento de nota fiscal de fornecedor (interno)";v_invoice_amount_4;texto;sim;unida;substituida_por;nova_lista_notas;Informe o número e o valor de cada nota fiscal (até 5, uma por linha).;todos;flow disparado: EY: PTP - INTERNO Consulta de Fornecedores v1 (específico do item, published, 36 execuções);;
1ccb68a91bdf0a10d1abda4ce54bcb5c;Consulta de Fornecedores;dividido;"Consultar status ou comprovante de pagamento de nota fiscal (interno)
Solicitar composição de pagamento a fornecedor (interno)
Consultar ou corrigir lançamento de nota fiscal de fornecedor (interno)";v_invoice_amount_5;texto;sim;unida;substituida_por;nova_lista_notas;Informe o número e o valor de cada nota fiscal (até 5, uma por linha).;todos;flow disparado: EY: PTP - INTERNO Consulta de Fornecedores v1 (específico do item, published, 36 execuções);;
1ccb68a91bdf0a10d1abda4ce54bcb5c;Consulta de Fornecedores;dividido;"Consultar status ou comprovante de pagamento de nota fiscal (interno)
Solicitar composição de pagamento a fornecedor (interno)
Consultar ou corrigir lançamento de nota fiscal de fornecedor (interno)";v_payment_amount;texto;sim;unida;substituida_por;nova_lista_notas;Informe o número e o valor de cada nota fiscal (até 5, uma por linha).;todos;flow disparado: EY: PTP - INTERNO Consulta de Fornecedores v1 (específico do item, published, 36 execuções);;
1ccb68a91bdf0a10d1abda4ce54bcb5c;Consulta de Fornecedores;dividido;"Consultar status ou comprovante de pagamento de nota fiscal (interno)
Solicitar composição de pagamento a fornecedor (interno)
Consultar ou corrigir lançamento de nota fiscal de fornecedor (interno)";v_payment_amount_2;texto;sim;unida;substituida_por;nova_lista_notas;Informe o número e o valor de cada nota fiscal (até 5, uma por linha).;todos;flow disparado: EY: PTP - INTERNO Consulta de Fornecedores v1 (específico do item, published, 36 execuções);;
1ccb68a91bdf0a10d1abda4ce54bcb5c;Consulta de Fornecedores;dividido;"Consultar status ou comprovante de pagamento de nota fiscal (interno)
Solicitar composição de pagamento a fornecedor (interno)
Consultar ou corrigir lançamento de nota fiscal de fornecedor (interno)";v_payment_amount_3;texto;sim;unida;substituida_por;nova_lista_notas;Informe o número e o valor de cada nota fiscal (até 5, uma por linha).;todos;flow disparado: EY: PTP - INTERNO Consulta de Fornecedores v1 (específico do item, published, 36 execuções);;
1ccb68a91bdf0a10d1abda4ce54bcb5c;Consulta de Fornecedores;dividido;"Consultar status ou comprovante de pagamento de nota fiscal (interno)
Solicitar composição de pagamento a fornecedor (interno)
Consultar ou corrigir lançamento de nota fiscal de fornecedor (interno)";v_payment_amount_4;texto;sim;unida;substituida_por;nova_lista_notas;Informe o número e o valor de cada nota fiscal (até 5, uma por linha).;todos;flow disparado: EY: PTP - INTERNO Consulta de Fornecedores v1 (específico do item, published, 36 execuções);;
1ccb68a91bdf0a10d1abda4ce54bcb5c;Consulta de Fornecedores;dividido;"Consultar status ou comprovante de pagamento de nota fiscal (interno)
Solicitar composição de pagamento a fornecedor (interno)
Consultar ou corrigir lançamento de nota fiscal de fornecedor (interno)";v_payment_amount_5;texto;sim;unida;substituida_por;nova_lista_notas;Informe o número e o valor de cada nota fiscal (até 5, uma por linha).;todos;flow disparado: EY: PTP - INTERNO Consulta de Fornecedores v1 (específico do item, published, 36 execuções);;
1ccb68a91bdf0a10d1abda4ce54bcb5c;Consulta de Fornecedores;dividido;"Consultar status ou comprovante de pagamento de nota fiscal (interno)
Solicitar composição de pagamento a fornecedor (interno)
Consultar ou corrigir lançamento de nota fiscal de fornecedor (interno)";v_payment_receipt_date;data;sim;unida;substituida_por;nova_lista_notas;Informe o número e o valor de cada nota fiscal (até 5, uma por linha).;todos;flow disparado: EY: PTP - INTERNO Consulta de Fornecedores v1 (específico do item, published, 36 execuções);;
1ccb68a91bdf0a10d1abda4ce54bcb5c;Consulta de Fornecedores;dividido;"Consultar status ou comprovante de pagamento de nota fiscal (interno)
Solicitar composição de pagamento a fornecedor (interno)
Consultar ou corrigir lançamento de nota fiscal de fornecedor (interno)";v_payment_receipt_date_2;data;sim;unida;substituida_por;nova_lista_notas;Informe o número e o valor de cada nota fiscal (até 5, uma por linha).;todos;flow disparado: EY: PTP - INTERNO Consulta de Fornecedores v1 (específico do item, published, 36 execuções);;
1ccb68a91bdf0a10d1abda4ce54bcb5c;Consulta de Fornecedores;dividido;"Consultar status ou comprovante de pagamento de nota fiscal (interno)
Solicitar composição de pagamento a fornecedor (interno)
Consultar ou corrigir lançamento de nota fiscal de fornecedor (interno)";v_payment_receipt_date_3;data;sim;unida;substituida_por;nova_lista_notas;Informe o número e o valor de cada nota fiscal (até 5, uma por linha).;todos;flow disparado: EY: PTP - INTERNO Consulta de Fornecedores v1 (específico do item, published, 36 execuções);;
1ccb68a91bdf0a10d1abda4ce54bcb5c;Consulta de Fornecedores;dividido;"Consultar status ou comprovante de pagamento de nota fiscal (interno)
Solicitar composição de pagamento a fornecedor (interno)
Consultar ou corrigir lançamento de nota fiscal de fornecedor (interno)";v_payment_receipt_date_4;data;sim;unida;substituida_por;nova_lista_notas;Informe o número e o valor de cada nota fiscal (até 5, uma por linha).;todos;flow disparado: EY: PTP - INTERNO Consulta de Fornecedores v1 (específico do item, published, 36 execuções);;
1ccb68a91bdf0a10d1abda4ce54bcb5c;Consulta de Fornecedores;dividido;"Consultar status ou comprovante de pagamento de nota fiscal (interno)
Solicitar composição de pagamento a fornecedor (interno)
Consultar ou corrigir lançamento de nota fiscal de fornecedor (interno)";v_payment_receipt_date_5;data;sim;unida;substituida_por;nova_lista_notas;Informe o número e o valor de cada nota fiscal (até 5, uma por linha).;todos;flow disparado: EY: PTP - INTERNO Consulta de Fornecedores v1 (específico do item, published, 36 execuções);;
1ccb68a91bdf0a10d1abda4ce54bcb5c;Consulta de Fornecedores;dividido;"Consultar status ou comprovante de pagamento de nota fiscal (interno)
Solicitar composição de pagamento a fornecedor (interno)
Consultar ou corrigir lançamento de nota fiscal de fornecedor (interno)";v_purchase_order_number_diverg;texto;sim;unida;substituida_por;nova_lista_notas;Informe o número e o valor de cada nota fiscal (até 5, uma por linha).;todos;flow disparado: EY: PTP - INTERNO Consulta de Fornecedores v1 (específico do item, published, 36 execuções);;
1ccb68a91bdf0a10d1abda4ce54bcb5c;Consulta de Fornecedores;dividido;"Consultar status ou comprovante de pagamento de nota fiscal (interno)
Solicitar composição de pagamento a fornecedor (interno)
Consultar ou corrigir lançamento de nota fiscal de fornecedor (interno)";v_purchase_order_number_2;texto;sim;unida;substituida_por;nova_lista_notas;Informe o número e o valor de cada nota fiscal (até 5, uma por linha).;todos;flow disparado: EY: PTP - INTERNO Consulta de Fornecedores v1 (específico do item, published, 36 execuções);;
1ccb68a91bdf0a10d1abda4ce54bcb5c;Consulta de Fornecedores;dividido;"Consultar status ou comprovante de pagamento de nota fiscal (interno)
Solicitar composição de pagamento a fornecedor (interno)
Consultar ou corrigir lançamento de nota fiscal de fornecedor (interno)";v_purchase_order_number_3;texto;sim;unida;substituida_por;nova_lista_notas;Informe o número e o valor de cada nota fiscal (até 5, uma por linha).;todos;flow disparado: EY: PTP - INTERNO Consulta de Fornecedores v1 (específico do item, published, 36 execuções);;
1ccb68a91bdf0a10d1abda4ce54bcb5c;Consulta de Fornecedores;dividido;"Consultar status ou comprovante de pagamento de nota fiscal (interno)
Solicitar composição de pagamento a fornecedor (interno)
Consultar ou corrigir lançamento de nota fiscal de fornecedor (interno)";v_purchase_order_number_4;texto;sim;unida;substituida_por;nova_lista_notas;Informe o número e o valor de cada nota fiscal (até 5, uma por linha).;todos;flow disparado: EY: PTP - INTERNO Consulta de Fornecedores v1 (específico do item, published, 36 execuções);;
1ccb68a91bdf0a10d1abda4ce54bcb5c;Consulta de Fornecedores;dividido;"Consultar status ou comprovante de pagamento de nota fiscal (interno)
Solicitar composição de pagamento a fornecedor (interno)
Consultar ou corrigir lançamento de nota fiscal de fornecedor (interno)";v_purchase_order_number_5;texto;sim;unida;substituida_por;nova_lista_notas;Informe o número e o valor de cada nota fiscal (até 5, uma por linha).;todos;flow disparado: EY: PTP - INTERNO Consulta de Fornecedores v1 (específico do item, published, 36 execuções);;
1ccb68a91bdf0a10d1abda4ce54bcb5c;Consulta de Fornecedores;dividido;"Consultar status ou comprovante de pagamento de nota fiscal (interno)
Solicitar composição de pagamento a fornecedor (interno)
Consultar ou corrigir lançamento de nota fiscal de fornecedor (interno)";v_what_needs_to_be_fixed;texto longo;sim;fora do derivado;sem_vars;;;Consultar status ou comprovante de pagamento de nota fiscal (interno);flow disparado: EY: PTP - INTERNO Consulta de Fornecedores v1 (específico do item, published, 36 execuções);;
1ccb68a91bdf0a10d1abda4ce54bcb5c;Consulta de Fornecedores;dividido;"Consultar status ou comprovante de pagamento de nota fiscal (interno)
Solicitar composição de pagamento a fornecedor (interno)
Consultar ou corrigir lançamento de nota fiscal de fornecedor (interno)";v_add_attachment;anexo;sim;fora do derivado;sem_vars;;;Consultar status ou comprovante de pagamento de nota fiscal (interno);flow disparado: EY: PTP - INTERNO Consulta de Fornecedores v1 (específico do item, published, 36 execuções);;
1ccb68a91bdf0a10d1abda4ce54bcb5c;Consulta de Fornecedores;dividido;"Consultar status ou comprovante de pagamento de nota fiscal (interno)
Solicitar composição de pagamento a fornecedor (interno)
Consultar ou corrigir lançamento de nota fiscal de fornecedor (interno)";v_what_needs_to_be_fixed;texto longo;sim;fora do derivado;sem_vars;;;Solicitar composição de pagamento a fornecedor (interno);flow disparado: EY: PTP - INTERNO Consulta de Fornecedores v1 (específico do item, published, 36 execuções);;
1ccb68a91bdf0a10d1abda4ce54bcb5c;Consulta de Fornecedores;dividido;"Consultar status ou comprovante de pagamento de nota fiscal (interno)
Solicitar composição de pagamento a fornecedor (interno)
Consultar ou corrigir lançamento de nota fiscal de fornecedor (interno)";v_add_attachment;anexo;sim;fora do derivado;sem_vars;;;Solicitar composição de pagamento a fornecedor (interno);flow disparado: EY: PTP - INTERNO Consulta de Fornecedores v1 (específico do item, published, 36 execuções);;
1ccb68a91bdf0a10d1abda4ce54bcb5c;Consulta de Fornecedores;dividido;"Consultar status ou comprovante de pagamento de nota fiscal (interno)
Solicitar composição de pagamento a fornecedor (interno)
Consultar ou corrigir lançamento de nota fiscal de fornecedor (interno)";additional_information_2;texto longo;sim;fora do derivado;sem_vars;;;Consultar ou corrigir lançamento de nota fiscal de fornecedor (interno);flow disparado: EY: PTP - INTERNO Consulta de Fornecedores v1 (específico do item, published, 36 execuções);;
9869b07c1bbf1114d1abda4ce54bcb13;Devolução do Aviso de Férias;dividido;"Dar ciência das minhas férias programadas
Devolver aviso de férias da minha equipe";v_i_confirm_added_all;checkbox;sim;fora do derivado;sem_vars;;;Dar ciência das minhas férias programadas;flow disparado: EY: Return of Vacation Notice (específico do item, published, 5 execuções);;
9869b07c1bbf1114d1abda4ce54bcb13;Devolução do Aviso de Férias;dividido;"Dar ciência das minhas férias programadas
Devolver aviso de férias da minha equipe";v_vacation_start_date;data;sim;fora do derivado;sem_vars;;;Devolver aviso de férias da minha equipe;flow disparado: EY: Return of Vacation Notice (específico do item, published, 5 execuções);;
9869b07c1bbf1114d1abda4ce54bcb13;Devolução do Aviso de Férias;dividido;"Dar ciência das minhas férias programadas
Devolver aviso de férias da minha equipe";v_aware_vacation;checkbox;sim;fora do derivado;sem_vars;;;Devolver aviso de férias da minha equipe;flow disparado: EY: Return of Vacation Notice (específico do item, published, 5 execuções);;
59a2d0171bef9190d1abda4ce54bcb98;Documentos para Processo Trabalhista, Auditoria e Fiscalização;conversacional;Solicitar documentos para processo trabalhista, auditoria ou fiscalização;v_early_warning;checkbox;sim;unida;substituida_por;nova_documentos;Quais documentos você precisa?;todos;flow disparado: EY: Documents for Labor Process, Audit and Supervision (específico do item, published, 35 execuções);;
59a2d0171bef9190d1abda4ce54bcb98;Documentos para Processo Trabalhista, Auditoria e Fiscalização;conversacional;Solicitar documentos para processo trabalhista, auditoria ou fiscalização;v_employment_contract_and_any_additions;checkbox;sim;unida;substituida_por;nova_documentos;Quais documentos você precisa?;todos;flow disparado: EY: Documents for Labor Process, Audit and Supervision (específico do item, published, 35 execuções);;
59a2d0171bef9190d1abda4ce54bcb98;Documentos para Processo Trabalhista, Auditoria e Fiscalização;conversacional;Solicitar documentos para processo trabalhista, auditoria ou fiscalização;v_timecards;checkbox;sim;unida;substituida_por;nova_documentos;Quais documentos você precisa?;todos;flow disparado: EY: Documents for Labor Process, Audit and Supervision (específico do item, published, 35 execuções);;
59a2d0171bef9190d1abda4ce54bcb98;Documentos para Processo Trabalhista, Auditoria e Fiscalização;conversacional;Solicitar documentos para processo trabalhista, auditoria ou fiscalização;v_job_description;checkbox;sim;unida;substituida_por;nova_documentos;Quais documentos você precisa?;todos;flow disparado: EY: Documents for Labor Process, Audit and Supervision (específico do item, published, 35 execuções);;
59a2d0171bef9190d1abda4ce54bcb98;Documentos para Processo Trabalhista, Auditoria e Fiscalização;conversacional;Solicitar documentos para processo trabalhista, auditoria ou fiscalização;v_fgts_and_analytical_extract_and_payments_upon_termination;checkbox;sim;unida;substituida_por;nova_documentos;Quais documentos você precisa?;todos;flow disparado: EY: Documents for Labor Process, Audit and Supervision (específico do item, published, 35 execuções);;
59a2d0171bef9190d1abda4ce54bcb98;Documentos para Processo Trabalhista, Auditoria e Fiscalização;conversacional;Solicitar documentos para processo trabalhista, auditoria ou fiscalização;v_complete_registration_form;checkbox;sim;unida;substituida_por;nova_documentos;Quais documentos você precisa?;todos;flow disparado: EY: Documents for Labor Process, Audit and Supervision (específico do item, published, 35 execuções);;
59a2d0171bef9190d1abda4ce54bcb98;Documentos para Processo Trabalhista, Auditoria e Fiscalização;conversacional;Solicitar documentos para processo trabalhista, auditoria ou fiscalização;v_ppe_delivery_forms_including_received_through_biometrics_and_equipment_approval_certificate;checkbox;sim;unida;substituida_por;nova_documentos;Quais documentos você precisa?;todos;flow disparado: EY: Documents for Labor Process, Audit and Supervision (específico do item, published, 35 execuções);;
59a2d0171bef9190d1abda4ce54bcb98;Documentos para Processo Trabalhista, Auditoria e Fiscalização;conversacional;Solicitar documentos para processo trabalhista, auditoria ou fiscalização;v_payslips;checkbox;sim;unida;substituida_por;nova_documentos;Quais documentos você precisa?;todos;flow disparado: EY: Documents for Labor Process, Audit and Supervision (específico do item, published, 35 execuções);;
59a2d0171bef9190d1abda4ce54bcb98;Documentos para Processo Trabalhista, Auditoria e Fiscalização;conversacional;Solicitar documentos para processo trabalhista, auditoria ou fiscalização;v_ppp;checkbox;sim;unida;substituida_por;nova_documentos;Quais documentos você precisa?;todos;flow disparado: EY: Documents for Labor Process, Audit and Supervision (específico do item, published, 35 execuções);;
59a2d0171bef9190d1abda4ce54bcb98;Documentos para Processo Trabalhista, Auditoria e Fiscalização;conversacional;Solicitar documentos para processo trabalhista, auditoria ou fiscalização;v_trct_and_proof_of_payment;checkbox;sim;unida;substituida_por;nova_documentos;Quais documentos você precisa?;todos;flow disparado: EY: Documents for Labor Process, Audit and Supervision (específico do item, published, 35 execuções);;
59a2d0171bef9190d1abda4ce54bcb98;Documentos para Processo Trabalhista, Auditoria e Fiscalização;conversacional;Solicitar documentos para processo trabalhista, auditoria ou fiscalização;v_others;checkbox;sim;unida;substituida_por;nova_documentos;Quais documentos você precisa?;todos;flow disparado: EY: Documents for Labor Process, Audit and Supervision (específico do item, published, 35 execuções);;
b99630ca1b766d10a530426fe54bcba4;Dúvidas, reclamações e sugestões relacionadas a benefícios;conversacional;Tirar dúvida ou reclamar sobre benefícios (Brasil);contextual_search_results;custom;sim;removida;visual;;;todos;"flow disparado: Questions or Information Benefits (específico do item, published, 35 execuções)
flow disparado: EY: Reopen Flow HTR - N2 (específico do item, published, 0 execuções)";;
b99630ca1b766d10a530426fe54bcba4;Dúvidas, reclamações e sugestões relacionadas a benefícios;conversacional;Tirar dúvida ou reclamar sobre benefícios (Brasil);ai_search_assist;custom;sim;removida;visual;;;todos;"flow disparado: Questions or Information Benefits (específico do item, published, 35 execuções)
flow disparado: EY: Reopen Flow HTR - N2 (específico do item, published, 0 execuções)";;
02733af71bb43910d1abda4ce54bcb4c;Emissão de Notas Fiscais de Industrialização;conversacional;Solicitar nota fiscal de remessa para industrialização;v_attachment;custom;sim;unida;substituida_por;nova_anexo;Envie a planilha ou o PDF da nota fiscal;todos;"flow disparado: EY: Issuance of Industrialization Invoices (específico do item, published, 18 execuções)
flow disparado: EY: TAX - Send notifications to external (Issuance of Industrialization Invoices) (específico do item, published, 18 execuções)";;
02733af71bb43910d1abda4ce54bcb4c;Emissão de Notas Fiscais de Industrialização;conversacional;Solicitar nota fiscal de remessa para industrialização;v_yes;checkbox;sim;unida;substituida_por;nova_anexo;Envie a planilha ou o PDF da nota fiscal;todos;"flow disparado: EY: Issuance of Industrialization Invoices (específico do item, published, 18 execuções)
flow disparado: EY: TAX - Send notifications to external (Issuance of Industrialization Invoices) (específico do item, published, 18 execuções)";;
2def243d1bd42550d1abda4ce54bcbae;Informações ou dúvidas relacionadas à Controle de Jornada;conversacional;Dúvidas sobre controle de jornada e ponto;contextual_search_results;custom;sim;removida;visual;;;todos;"flow disparado: EY: Reopen Flow HTR - N2 (específico do item, published, 0 execuções)
flow disparado: EY: Questions or Information Journey Control​ (específico do item, published, 6 execuções)";;
2def243d1bd42550d1abda4ce54bcbae;Informações ou dúvidas relacionadas à Controle de Jornada;conversacional;Dúvidas sobre controle de jornada e ponto;ai_search_assist;custom;sim;removida;visual;;;todos;"flow disparado: EY: Reopen Flow HTR - N2 (específico do item, published, 0 execuções)
flow disparado: EY: Questions or Information Journey Control​ (específico do item, published, 6 execuções)";;
bcb96c711b942550d1abda4ce54bcbce;Informações ou dúvidas relacionadas à Dados Pessoais;conversacional;Tirar dúvida sobre dados pessoais (Brasil);contextual_search_results;custom;sim;removida;visual;;;todos;"flow disparado: EY: Reopen Flow HTR - N2 (específico do item, published, 0 execuções)
flow disparado: Questions or Information Personal data (específico do item, published, 7 execuções)";;
bcb96c711b942550d1abda4ce54bcbce;Informações ou dúvidas relacionadas à Dados Pessoais;conversacional;Tirar dúvida sobre dados pessoais (Brasil);ai_search_assist;custom;sim;removida;visual;;;todos;"flow disparado: EY: Reopen Flow HTR - N2 (específico do item, published, 0 execuções)
flow disparado: Questions or Information Personal data (específico do item, published, 7 execuções)";;
e58c5dad1b5c2150a530426fe54bcb64;Informações ou dúvidas relacionadas à Declarações;conversacional;Tirar dúvida sobre declarações e documentos do RH;contextual_search_results;custom;sim;removida;visual;;;todos;"flow disparado: EY: Reopen Flow HTR - N2 (específico do item, published, 0 execuções)
flow disparado: Questions or Information Declarations (específico do item, published, 9 execuções)";;
e58c5dad1b5c2150a530426fe54bcb64;Informações ou dúvidas relacionadas à Declarações;conversacional;Tirar dúvida sobre declarações e documentos do RH;ai_search_assist;custom;sim;removida;visual;;;todos;"flow disparado: EY: Reopen Flow HTR - N2 (específico do item, published, 0 execuções)
flow disparado: Questions or Information Declarations (específico do item, published, 9 execuções)";;
8d6da4711bd42550d1abda4ce54bcb5d;Informações ou dúvidas relacionadas à Desligamento;conversacional;Tirar dúvida sobre desligamento e rescisão;contextual_search_results;custom;sim;removida;visual;;;todos;"flow disparado: EY: Reopen Flow HTR - N2 (específico do item, published, 0 execuções)
flow disparado: Questions or Information Termination (específico do item, published, 4 execuções)";;
8d6da4711bd42550d1abda4ce54bcb5d;Informações ou dúvidas relacionadas à Desligamento;conversacional;Tirar dúvida sobre desligamento e rescisão;ai_search_assist;custom;sim;removida;visual;;;todos;"flow disparado: EY: Reopen Flow HTR - N2 (específico do item, published, 0 execuções)
flow disparado: Questions or Information Termination (específico do item, published, 4 execuções)";;
b4e12da91bdc2150a530426fe54bcb1a;Informações ou dúvidas relacionadas à Férias;conversacional;Tirar dúvida sobre férias (Brasil);contextual_search_results;custom;sim;removida;visual;;;todos;"flow disparado: EY: Reopen Flow HTR - N2 (específico do item, published, 0 execuções)
flow disparado: Questions or Information Vacation (específico do item, published, 8 execuções)";;
b4e12da91bdc2150a530426fe54bcb1a;Informações ou dúvidas relacionadas à Férias;conversacional;Tirar dúvida sobre férias (Brasil);ai_search_assist;custom;sim;removida;visual;;;todos;"flow disparado: EY: Reopen Flow HTR - N2 (específico do item, published, 0 execuções)
flow disparado: Questions or Information Vacation (específico do item, published, 8 execuções)";;
6c0c3c2d1b902150a530426fe54bcb7c;Informações ou dúvidas relacionadas à Folha de Pagamento;conversacional;Tirar dúvidas sobre a folha de pagamento;contextual_search_results;custom;sim;removida;visual;;;todos;"flow disparado: EY: Reopen Flow HTR - N2 (específico do item, published, 0 execuções)
flow disparado: Questions or Information Payroll (específico do item, published, 17 execuções)";;
6c0c3c2d1b902150a530426fe54bcb7c;Informações ou dúvidas relacionadas à Folha de Pagamento;conversacional;Tirar dúvidas sobre a folha de pagamento;ai_search_assist;custom;sim;removida;visual;;;todos;"flow disparado: EY: Reopen Flow HTR - N2 (específico do item, published, 0 execuções)
flow disparado: Questions or Information Payroll (específico do item, published, 17 execuções)";;
71d664751b542550d1abda4ce54bcb0f;Informações ou dúvidas relacionadas à Licenças e Ausências;conversacional;Tirar dúvida sobre licenças e ausências;contextual_search_results;custom;sim;removida;visual;;;todos;"flow disparado: Questions or Information Leaves and Absences ​ (específico do item, published, 4 execuções)
flow disparado: EY: Reopen Flow HTR - N2 (específico do item, published, 0 execuções)";;
71d664751b542550d1abda4ce54bcb0f;Informações ou dúvidas relacionadas à Licenças e Ausências;conversacional;Tirar dúvida sobre licenças e ausências;ai_search_assist;custom;sim;removida;visual;;;todos;"flow disparado: Questions or Information Leaves and Absences ​ (específico do item, published, 4 execuções)
flow disparado: EY: Reopen Flow HTR - N2 (específico do item, published, 0 execuções)";;
96ae57af1b9c61d0d1abda4ce54bcbe7;Informações sobre Cartão Corporativo;dividido;"Tirar dúvida sobre cartão corporativo
Avisar viagem internacional com cartão corporativo";v_what_is_the_destination_of_the_international_trip;texto;sim;fora do derivado;sem_vars;;;Tirar dúvida sobre cartão corporativo;flow disparado: EY: Corporate Card Information (específico do item, published, 10 execuções);;
96ae57af1b9c61d0d1abda4ce54bcbe7;Informações sobre Cartão Corporativo;dividido;"Tirar dúvida sobre cartão corporativo
Avisar viagem internacional com cartão corporativo";v_what_is_the_start_date_of_the_trip;data;sim;fora do derivado;sem_vars;;;Tirar dúvida sobre cartão corporativo;flow disparado: EY: Corporate Card Information (específico do item, published, 10 execuções);;
96ae57af1b9c61d0d1abda4ce54bcbe7;Informações sobre Cartão Corporativo;dividido;"Tirar dúvida sobre cartão corporativo
Avisar viagem internacional com cartão corporativo";v_what_is_the_end_date_of_the_trip;data;sim;fora do derivado;sem_vars;;;Tirar dúvida sobre cartão corporativo;flow disparado: EY: Corporate Card Information (específico do item, published, 10 execuções);;
96ae57af1b9c61d0d1abda4ce54bcbe7;Informações sobre Cartão Corporativo;dividido;"Tirar dúvida sobre cartão corporativo
Avisar viagem internacional com cartão corporativo";v_which_audience_do_you_belong_to;lista;sim;fora do derivado;sem_vars;;;Tirar dúvida sobre cartão corporativo;flow disparado: EY: Corporate Card Information (específico do item, published, 10 execuções);;
96ae57af1b9c61d0d1abda4ce54bcbe7;Informações sobre Cartão Corporativo;dividido;"Tirar dúvida sobre cartão corporativo
Avisar viagem internacional com cartão corporativo";v_what_type_of_doubt_do_you_have;lista;sim;fora do derivado;sem_vars;;;Avisar viagem internacional com cartão corporativo;flow disparado: EY: Corporate Card Information (específico do item, published, 10 execuções);;
96ae57af1b9c61d0d1abda4ce54bcbe7;Informações sobre Cartão Corporativo;dividido;"Tirar dúvida sobre cartão corporativo
Avisar viagem internacional com cartão corporativo";v_describe_your_question;texto longo;sim;fora do derivado;sem_vars;;;Avisar viagem internacional com cartão corporativo;flow disparado: EY: Corporate Card Information (específico do item, published, 10 execuções);;
051cbf0b1bafd190a530426fe54bcbd4;OurTalents;conversacional;Dúvida ou problema no OurTalents (comitê de talentos);v_description_for_report;texto longo;sim;unida;substituida_por;v_describe_your_need;;todos;flow disparado: EY: OurTalents (específico do item, published, 0 execuções);;
051cbf0b1bafd190a530426fe54bcbd4;OurTalents;conversacional;Dúvida ou problema no OurTalents (comitê de talentos);v_description_for_other;texto longo;sim;unida;substituida_por;v_describe_your_need;;todos;flow disparado: EY: OurTalents (específico do item, published, 0 execuções);;
3a2fe0b81b4da5d0d1abda4ce54bcb46;Reintegração de ex colaborador;conversacional;Solicitar reintegração de ex-colaborador;v_annex_to_the_court_case;custom;sim;substituída;substituida_por;nova_anexo;Envie a decisão judicial em anexo.;todos;flow disparado: EY: Employee Reinstatement  (específico do item, published, 4 execuções);;
65fcbbf71b6961d0d1abda4ce54bcbb1;Sindicato;conversacional;Solicitações de sindicatos;contextual_search_results;custom;sim;removida;visual;;;todos;flow disparado: EY: Syndicate (específico do item, published, 0 execuções);;
65fcbbf71b6961d0d1abda4ce54bcbb1;Sindicato;conversacional;Solicitações de sindicatos;ai_search_assist;custom;sim;removida;visual;;;todos;flow disparado: EY: Syndicate (específico do item, published, 0 execuções);;
65fcbbf71b6961d0d1abda4ce54bcbb1;Sindicato;conversacional;Solicitações de sindicatos;vs_add_attachment;custom;sim;substituída;substituida_por;nova_anexo;Anexe o comprovante ou documento, se tiver.;todos;flow disparado: EY: Syndicate (específico do item, published, 0 execuções);;
31ca83d11b3b1d14a530426fe54bcbbb;Solicitação de Baixa de Titulo e Abertura de Débito;dividido;"Solicitar baixa de títulos
Solicitar abertura de débito";v_category;lista;sim;fora do derivado;sem_vars;;;Solicitar baixa de títulos;flow disparado: EY: Request title write-off (específico do item, published, 11 execuções);;
31ca83d11b3b1d14a530426fe54bcbbb;Solicitação de Baixa de Titulo e Abertura de Débito;dividido;"Solicitar baixa de títulos
Solicitar abertura de débito";v_motivo;texto longo;sim;fora do derivado;sem_vars;;;Solicitar baixa de títulos;flow disparado: EY: Request title write-off (específico do item, published, 11 execuções);;
5c8fbbfe1b754e90d1abda4ce54bcba5;Solicitação de compras descentralizadas;dividido;"Solicitar requisição de compra descentralizada (PR ou CW)
Solicitar criação e aceite de folha de serviço (compra descentralizada)";v_attach_completed_template;anexo;sim;fora do derivado;sem_vars;;;Solicitar criação e aceite de folha de serviço (compra descentralizada);"flow disparado: EY: Request for decentralized purchases (específico do item, draft, inativo, 0 execuções)
flow disparado: EY: Fill HUB Records (específico do item, published, 0 execuções)
flow disparado: EY: Request for decentralized purchases - Creation and Acceptance of Service Sheet (específico do item, published, 40 execuções)
flow disparado: EY: Request for decentralized purchases - PR creation (específico do item, draft, inativo, 0 execuções)
flow disparado: EY: Request for decentralized purchases - PR creation - Part 1 (específico do item, published, 39 execuções)
flow disparado: EY: Request for decentralized purchases - PR creation (específico do item, published, 0 execuções)";;
5c8fbbfe1b754e90d1abda4ce54bcba5;Solicitação de compras descentralizadas;dividido;"Solicitar requisição de compra descentralizada (PR ou CW)
Solicitar criação e aceite de folha de serviço (compra descentralizada)";v_attach_supplier_email_with_commercial_proposal;anexo;sim;fora do derivado;sem_vars;;;Solicitar criação e aceite de folha de serviço (compra descentralizada);"flow disparado: EY: Request for decentralized purchases (específico do item, draft, inativo, 0 execuções)
flow disparado: EY: Fill HUB Records (específico do item, published, 0 execuções)
flow disparado: EY: Request for decentralized purchases - Creation and Acceptance of Service Sheet (específico do item, published, 40 execuções)
flow disparado: EY: Request for decentralized purchases - PR creation (específico do item, draft, inativo, 0 execuções)
flow disparado: EY: Request for decentralized purchases - PR creation - Part 1 (específico do item, published, 39 execuções)
flow disparado: EY: Request for decentralized purchases - PR creation (específico do item, published, 0 execuções)";;
d6e0b54a1bd0e950a530426fe54bcbca;Solicitação de Pagamento Sindical (taxas e boletos);dividido;"Pagar boleto ou taxa sindical
Solicitar autorização sindical para domingos e feriados";v_name_establishment_store_v2;referência;sim;fora do derivado;sem_vars;;;Pagar boleto ou taxa sindical;flow disparado: EY: Union Payment Request (fees and slips) (específico do item, published, 3 execuções);;
d6e0b54a1bd0e950a530426fe54bcbca;Solicitação de Pagamento Sindical (taxas e boletos);dividido;"Pagar boleto ou taxa sindical
Solicitar autorização sindical para domingos e feriados";how_many_holidays_would_you_like_to_request;lista;sim;fora do derivado;sem_vars;;;Pagar boleto ou taxa sindical;flow disparado: EY: Union Payment Request (fees and slips) (específico do item, published, 3 execuções);;
d6e0b54a1bd0e950a530426fe54bcbca;Solicitação de Pagamento Sindical (taxas e boletos);dividido;"Pagar boleto ou taxa sindical
Solicitar autorização sindical para domingos e feriados";how_many_sundays_would_you_like_to_request;lista;sim;fora do derivado;sem_vars;;;Pagar boleto ou taxa sindical;flow disparado: EY: Union Payment Request (fees and slips) (específico do item, published, 3 execuções);;
d6e0b54a1bd0e950a530426fe54bcbca;Solicitação de Pagamento Sindical (taxas e boletos);dividido;"Pagar boleto ou taxa sindical
Solicitar autorização sindical para domingos e feriados";v_number_of_employees;texto;sim;fora do derivado;sem_vars;;;Pagar boleto ou taxa sindical;flow disparado: EY: Union Payment Request (fees and slips) (específico do item, published, 3 execuções);;
d6e0b54a1bd0e950a530426fe54bcbca;Solicitação de Pagamento Sindical (taxas e boletos);dividido;"Pagar boleto ou taxa sindical
Solicitar autorização sindical para domingos e feriados";v_type_of_union_payment;lista;sim;fora do derivado;sem_vars;;;Solicitar autorização sindical para domingos e feriados;flow disparado: EY: Union Payment Request (fees and slips) (específico do item, published, 3 execuções);;
d6e0b54a1bd0e950a530426fe54bcbca;Solicitação de Pagamento Sindical (taxas e boletos);dividido;"Pagar boleto ou taxa sindical
Solicitar autorização sindical para domingos e feriados";v_due_date;data;sim;fora do derivado;sem_vars;;;Solicitar autorização sindical para domingos e feriados;flow disparado: EY: Union Payment Request (fees and slips) (específico do item, published, 3 execuções);;
d6e0b54a1bd0e950a530426fe54bcbca;Solicitação de Pagamento Sindical (taxas e boletos);dividido;"Pagar boleto ou taxa sindical
Solicitar autorização sindical para domingos e feriados";v_description;texto longo;sim;fora do derivado;sem_vars;;;Solicitar autorização sindical para domingos e feriados;flow disparado: EY: Union Payment Request (fees and slips) (específico do item, published, 3 execuções);;
73bfff2d1b37d154d1abda4ce54bcb1d;Solicitação ou Desistência de Vaga no Berçário;dividido;"Solicitar vaga no berçário
Desistir da vaga no berçário";probable_date_of_birth;data;sim;substituída;substituida_por;v_childs_date_of_birth;;todos;flow disparado: EY: Vacancy Request or Withdrawal (específico do item, published, 3 execuções);;
73bfff2d1b37d154d1abda4ce54bcb1d;Solicitação ou Desistência de Vaga no Berçário;dividido;"Solicitar vaga no berçário
Desistir da vaga no berçário";v_i_declare_that_i_am_giving_up_the_vacancy_from_this_date;checkbox;sim;fora do derivado;sem_vars;;;Solicitar vaga no berçário;flow disparado: EY: Vacancy Request or Withdrawal (específico do item, published, 3 execuções);;
73bfff2d1b37d154d1abda4ce54bcb1d;Solicitação ou Desistência de Vaga no Berçário;dividido;"Solicitar vaga no berçário
Desistir da vaga no berçário";v_name_of_the_person_in_charge_waiver;referência;sim;fora do derivado;sem_vars;;;Solicitar vaga no berçário;flow disparado: EY: Vacancy Request or Withdrawal (específico do item, published, 3 execuções);;
73bfff2d1b37d154d1abda4ce54bcb1d;Solicitação ou Desistência de Vaga no Berçário;dividido;"Solicitar vaga no berçário
Desistir da vaga no berçário";v_childs_name_waiver;lista lookup;sim;fora do derivado;sem_vars;;;Solicitar vaga no berçário;flow disparado: EY: Vacancy Request or Withdrawal (específico do item, published, 3 execuções);;
73bfff2d1b37d154d1abda4ce54bcb1d;Solicitação ou Desistência de Vaga no Berçário;dividido;"Solicitar vaga no berçário
Desistir da vaga no berçário";v_nursery_unit;lista;sim;fora do derivado;sem_vars;;;Desistir da vaga no berçário;flow disparado: EY: Vacancy Request or Withdrawal (específico do item, published, 3 execuções);;
73bfff2d1b37d154d1abda4ce54bcb1d;Solicitação ou Desistência de Vaga no Berçário;dividido;"Solicitar vaga no berçário
Desistir da vaga no berçário";v_shift;lista;sim;fora do derivado;sem_vars;;;Desistir da vaga no berçário;flow disparado: EY: Vacancy Request or Withdrawal (específico do item, published, 3 execuções);;
73bfff2d1b37d154d1abda4ce54bcb1d;Solicitação ou Desistência de Vaga no Berçário;dividido;"Solicitar vaga no berçário
Desistir da vaga no berçário";has_the_child_been_born;lista;sim;fora do derivado;sem_vars;;;Desistir da vaga no berçário;flow disparado: EY: Vacancy Request or Withdrawal (específico do item, published, 3 execuções);;
73bfff2d1b37d154d1abda4ce54bcb1d;Solicitação ou Desistência de Vaga no Berçário;dividido;"Solicitar vaga no berçário
Desistir da vaga no berçário";v_name_of_the_person_in_charge;referência;sim;fora do derivado;sem_vars;;;Desistir da vaga no berçário;flow disparado: EY: Vacancy Request or Withdrawal (específico do item, published, 3 execuções);;
73bfff2d1b37d154d1abda4ce54bcb1d;Solicitação ou Desistência de Vaga no Berçário;dividido;"Solicitar vaga no berçário
Desistir da vaga no berçário";v_phone;texto;sim;fora do derivado;sem_vars;;;Desistir da vaga no berçário;flow disparado: EY: Vacancy Request or Withdrawal (específico do item, published, 3 execuções);;
73bfff2d1b37d154d1abda4ce54bcb1d;Solicitação ou Desistência de Vaga no Berçário;dividido;"Solicitar vaga no berçário
Desistir da vaga no berçário";v_corporate_email;texto;sim;fora do derivado;sem_vars;;;Desistir da vaga no berçário;flow disparado: EY: Vacancy Request or Withdrawal (específico do item, published, 3 execuções);;
73bfff2d1b37d154d1abda4ce54bcb1d;Solicitação ou Desistência de Vaga no Berçário;dividido;"Solicitar vaga no berçário
Desistir da vaga no berçário";v_prediction_of_start_to_nursery;data;sim;fora do derivado;sem_vars;;;Desistir da vaga no berçário;flow disparado: EY: Vacancy Request or Withdrawal (específico do item, published, 3 execuções);;
73bfff2d1b37d154d1abda4ce54bcb1d;Solicitação ou Desistência de Vaga no Berçário;dividido;"Solicitar vaga no berçário
Desistir da vaga no berçário";v_in_case_of_return_of_leave_do_you_intend_to_attach_vacation_to_the_maternity_leave;sim/não;sim;fora do derivado;sem_vars;;;Desistir da vaga no berçário;flow disparado: EY: Vacancy Request or Withdrawal (específico do item, published, 3 execuções);;
73bfff2d1b37d154d1abda4ce54bcb1d;Solicitação ou Desistência de Vaga no Berçário;dividido;"Solicitar vaga no berçário
Desistir da vaga no berçário";v_attach_holidays_to_maternity_leave;anexo;sim;fora do derivado;sem_vars;;;Desistir da vaga no berçário;flow disparado: EY: Vacancy Request or Withdrawal (específico do item, published, 3 execuções);;
73bfff2d1b37d154d1abda4ce54bcb1d;Solicitação ou Desistência de Vaga no Berçário;dividido;"Solicitar vaga no berçário
Desistir da vaga no berçário";v_complete_address;texto;sim;fora do derivado;sem_vars;;;Desistir da vaga no berçário;flow disparado: EY: Vacancy Request or Withdrawal (específico do item, published, 3 execuções);;
73bfff2d1b37d154d1abda4ce54bcb1d;Solicitação ou Desistência de Vaga no Berçário;dividido;"Solicitar vaga no berçário
Desistir da vaga no berçário";v_private_email;texto;sim;fora do derivado;sem_vars;;;Desistir da vaga no berçário;flow disparado: EY: Vacancy Request or Withdrawal (específico do item, published, 3 execuções);;
73bfff2d1b37d154d1abda4ce54bcb1d;Solicitação ou Desistência de Vaga no Berçário;dividido;"Solicitar vaga no berçário
Desistir da vaga no berçário";are_you_registered_with_wd;lista;sim;fora do derivado;sem_vars;;;Desistir da vaga no berçário;flow disparado: EY: Vacancy Request or Withdrawal (específico do item, published, 3 execuções);;
73bfff2d1b37d154d1abda4ce54bcb1d;Solicitação ou Desistência de Vaga no Berçário;dividido;"Solicitar vaga no berçário
Desistir da vaga no berçário";v_child_s_name;lista lookup;sim;fora do derivado;sem_vars;;;Desistir da vaga no berçário;flow disparado: EY: Vacancy Request or Withdrawal (específico do item, published, 3 execuções);;
73bfff2d1b37d154d1abda4ce54bcb1d;Solicitação ou Desistência de Vaga no Berçário;dividido;"Solicitar vaga no berçário
Desistir da vaga no berçário";v_childs_date_of_birth;data;sim;fora do derivado;sem_vars;;;Desistir da vaga no berçário;flow disparado: EY: Vacancy Request or Withdrawal (específico do item, published, 3 execuções);;
4b499a951b84a558a530426fe54bcb84;Solicitação para tratativa de pagamentos Varejo;conversacional;Solicitar pagamento do varejo (lojas);v_request_type;lista;sim;substituída;substituida_por;v_request_type_tbs;;todos;flow disparado: EY: Request for handling Retail payments (específico do item, published, 2 execuções);;
6a574af087cff250ec360e530cbb356c;Solicitações Workday Learning;dividido;"Cadastrar curso no Workday Learning
Tirar dúvida sobre o Workday Learning";additional_information;texto;sim;fora do derivado;sem_vars;;;Cadastrar curso no Workday Learning;"flow disparado: EY: Portal Notification - Escalation (genérico, published, 0 execuções)
flow disparado: ACN: Notifications for Effective Calendar (genérico, published, 23 execuções)
flow disparado: EY: Reopen Flow HTR (genérico, published, 47 execuções)
flow disparado: EY: Close OLA task - Hispanic (genérico, published, 0 execuções)
flow disparado: EY: HTR - Update case to active SLA conditions (genérico, published, 17 execuções)
flow disparado: ACN: Contract Termination (genérico, published, inativo, 0 execuções)
flow disparado: EY: Close OLA task (genérico, published, 4 execuções)
flow disparado: EY: Portal Portal Notification Hispanic - Opening (genérico, published, 4 execuções)
flow disparado: EY: Reopen Flow PTP - Consulta de Fornecedores (genérico, draft, inativo, 0 execuções)";;
6a574af087cff250ec360e530cbb356c;Solicitações Workday Learning;dividido;"Cadastrar curso no Workday Learning
Tirar dúvida sobre o Workday Learning";training_name;texto;sim;fora do derivado;sem_vars;;;Tirar dúvida sobre o Workday Learning;"flow disparado: EY: Portal Notification - Escalation (genérico, published, 0 execuções)
flow disparado: ACN: Notifications for Effective Calendar (genérico, published, 23 execuções)
flow disparado: EY: Reopen Flow HTR (genérico, published, 47 execuções)
flow disparado: EY: Close OLA task - Hispanic (genérico, published, 0 execuções)
flow disparado: EY: HTR - Update case to active SLA conditions (genérico, published, 17 execuções)
flow disparado: ACN: Contract Termination (genérico, published, inativo, 0 execuções)
flow disparado: EY: Close OLA task (genérico, published, 4 execuções)
flow disparado: EY: Portal Portal Notification Hispanic - Opening (genérico, published, 4 execuções)
flow disparado: EY: Reopen Flow PTP - Consulta de Fornecedores (genérico, draft, inativo, 0 execuções)";;
6a574af087cff250ec360e530cbb356c;Solicitações Workday Learning;dividido;"Cadastrar curso no Workday Learning
Tirar dúvida sobre o Workday Learning";training_objective;texto;sim;fora do derivado;sem_vars;;;Tirar dúvida sobre o Workday Learning;"flow disparado: EY: Portal Notification - Escalation (genérico, published, 0 execuções)
flow disparado: ACN: Notifications for Effective Calendar (genérico, published, 23 execuções)
flow disparado: EY: Reopen Flow HTR (genérico, published, 47 execuções)
flow disparado: EY: Close OLA task - Hispanic (genérico, published, 0 execuções)
flow disparado: EY: HTR - Update case to active SLA conditions (genérico, published, 17 execuções)
flow disparado: ACN: Contract Termination (genérico, published, inativo, 0 execuções)
flow disparado: EY: Close OLA task (genérico, published, 4 execuções)
flow disparado: EY: Portal Portal Notification Hispanic - Opening (genérico, published, 4 execuções)
flow disparado: EY: Reopen Flow PTP - Consulta de Fornecedores (genérico, draft, inativo, 0 execuções)";;
6a574af087cff250ec360e530cbb356c;Solicitações Workday Learning;dividido;"Cadastrar curso no Workday Learning
Tirar dúvida sobre o Workday Learning";categoria_de_aprendizagem;lista;sim;fora do derivado;sem_vars;;;Tirar dúvida sobre o Workday Learning;"flow disparado: EY: Portal Notification - Escalation (genérico, published, 0 execuções)
flow disparado: ACN: Notifications for Effective Calendar (genérico, published, 23 execuções)
flow disparado: EY: Reopen Flow HTR (genérico, published, 47 execuções)
flow disparado: EY: Close OLA task - Hispanic (genérico, published, 0 execuções)
flow disparado: EY: HTR - Update case to active SLA conditions (genérico, published, 17 execuções)
flow disparado: ACN: Contract Termination (genérico, published, inativo, 0 execuções)
flow disparado: EY: Close OLA task (genérico, published, 4 execuções)
flow disparado: EY: Portal Portal Notification Hispanic - Opening (genérico, published, 4 execuções)
flow disparado: EY: Reopen Flow PTP - Consulta de Fornecedores (genérico, draft, inativo, 0 execuções)";;
6a574af087cff250ec360e530cbb356c;Solicitações Workday Learning;dividido;"Cadastrar curso no Workday Learning
Tirar dúvida sobre o Workday Learning";seleciona_o_hub;lista;sim;fora do derivado;sem_vars;;;Tirar dúvida sobre o Workday Learning;"flow disparado: EY: Portal Notification - Escalation (genérico, published, 0 execuções)
flow disparado: ACN: Notifications for Effective Calendar (genérico, published, 23 execuções)
flow disparado: EY: Reopen Flow HTR (genérico, published, 47 execuções)
flow disparado: EY: Close OLA task - Hispanic (genérico, published, 0 execuções)
flow disparado: EY: HTR - Update case to active SLA conditions (genérico, published, 17 execuções)
flow disparado: ACN: Contract Termination (genérico, published, inativo, 0 execuções)
flow disparado: EY: Close OLA task (genérico, published, 4 execuções)
flow disparado: EY: Portal Portal Notification Hispanic - Opening (genérico, published, 4 execuções)
flow disparado: EY: Reopen Flow PTP - Consulta de Fornecedores (genérico, draft, inativo, 0 execuções)";;
6a574af087cff250ec360e530cbb356c;Solicitações Workday Learning;dividido;"Cadastrar curso no Workday Learning
Tirar dúvida sobre o Workday Learning";nome_da_celula;texto;sim;fora do derivado;sem_vars;;;Tirar dúvida sobre o Workday Learning;"flow disparado: EY: Portal Notification - Escalation (genérico, published, 0 execuções)
flow disparado: ACN: Notifications for Effective Calendar (genérico, published, 23 execuções)
flow disparado: EY: Reopen Flow HTR (genérico, published, 47 execuções)
flow disparado: EY: Close OLA task - Hispanic (genérico, published, 0 execuções)
flow disparado: EY: HTR - Update case to active SLA conditions (genérico, published, 17 execuções)
flow disparado: ACN: Contract Termination (genérico, published, inativo, 0 execuções)
flow disparado: EY: Close OLA task (genérico, published, 4 execuções)
flow disparado: EY: Portal Portal Notification Hispanic - Opening (genérico, published, 4 execuções)
flow disparado: EY: Reopen Flow PTP - Consulta de Fornecedores (genérico, draft, inativo, 0 execuções)";;
6a574af087cff250ec360e530cbb356c;Solicitações Workday Learning;dividido;"Cadastrar curso no Workday Learning
Tirar dúvida sobre o Workday Learning";acao_obrigatoria;sim/não;sim;fora do derivado;sem_vars;;;Tirar dúvida sobre o Workday Learning;"flow disparado: EY: Portal Notification - Escalation (genérico, published, 0 execuções)
flow disparado: ACN: Notifications for Effective Calendar (genérico, published, 23 execuções)
flow disparado: EY: Reopen Flow HTR (genérico, published, 47 execuções)
flow disparado: EY: Close OLA task - Hispanic (genérico, published, 0 execuções)
flow disparado: EY: HTR - Update case to active SLA conditions (genérico, published, 17 execuções)
flow disparado: ACN: Contract Termination (genérico, published, inativo, 0 execuções)
flow disparado: EY: Close OLA task (genérico, published, 4 execuções)
flow disparado: EY: Portal Portal Notification Hispanic - Opening (genérico, published, 4 execuções)
flow disparado: EY: Reopen Flow PTP - Consulta de Fornecedores (genérico, draft, inativo, 0 execuções)";;
6a574af087cff250ec360e530cbb356c;Solicitações Workday Learning;dividido;"Cadastrar curso no Workday Learning
Tirar dúvida sobre o Workday Learning";responsible_for_content;texto;sim;fora do derivado;sem_vars;;;Tirar dúvida sobre o Workday Learning;"flow disparado: EY: Portal Notification - Escalation (genérico, published, 0 execuções)
flow disparado: ACN: Notifications for Effective Calendar (genérico, published, 23 execuções)
flow disparado: EY: Reopen Flow HTR (genérico, published, 47 execuções)
flow disparado: EY: Close OLA task - Hispanic (genérico, published, 0 execuções)
flow disparado: EY: HTR - Update case to active SLA conditions (genérico, published, 17 execuções)
flow disparado: ACN: Contract Termination (genérico, published, inativo, 0 execuções)
flow disparado: EY: Close OLA task (genérico, published, 4 execuções)
flow disparado: EY: Portal Portal Notification Hispanic - Opening (genérico, published, 4 execuções)
flow disparado: EY: Reopen Flow PTP - Consulta de Fornecedores (genérico, draft, inativo, 0 execuções)";;
6a574af087cff250ec360e530cbb356c;Solicitações Workday Learning;dividido;"Cadastrar curso no Workday Learning
Tirar dúvida sobre o Workday Learning";data_horario_inicio;data/hora;sim;fora do derivado;sem_vars;;;Tirar dúvida sobre o Workday Learning;"flow disparado: EY: Portal Notification - Escalation (genérico, published, 0 execuções)
flow disparado: ACN: Notifications for Effective Calendar (genérico, published, 23 execuções)
flow disparado: EY: Reopen Flow HTR (genérico, published, 47 execuções)
flow disparado: EY: Close OLA task - Hispanic (genérico, published, 0 execuções)
flow disparado: EY: HTR - Update case to active SLA conditions (genérico, published, 17 execuções)
flow disparado: ACN: Contract Termination (genérico, published, inativo, 0 execuções)
flow disparado: EY: Close OLA task (genérico, published, 4 execuções)
flow disparado: EY: Portal Portal Notification Hispanic - Opening (genérico, published, 4 execuções)
flow disparado: EY: Reopen Flow PTP - Consulta de Fornecedores (genérico, draft, inativo, 0 execuções)";;
6a574af087cff250ec360e530cbb356c;Solicitações Workday Learning;dividido;"Cadastrar curso no Workday Learning
Tirar dúvida sobre o Workday Learning";enter_the_link_to_the_content_to_be_loaded;texto;sim;fora do derivado;sem_vars;;;Tirar dúvida sobre o Workday Learning;"flow disparado: EY: Portal Notification - Escalation (genérico, published, 0 execuções)
flow disparado: ACN: Notifications for Effective Calendar (genérico, published, 23 execuções)
flow disparado: EY: Reopen Flow HTR (genérico, published, 47 execuções)
flow disparado: EY: Close OLA task - Hispanic (genérico, published, 0 execuções)
flow disparado: EY: HTR - Update case to active SLA conditions (genérico, published, 17 execuções)
flow disparado: ACN: Contract Termination (genérico, published, inativo, 0 execuções)
flow disparado: EY: Close OLA task (genérico, published, 4 execuções)
flow disparado: EY: Portal Portal Notification Hispanic - Opening (genérico, published, 4 execuções)
flow disparado: EY: Reopen Flow PTP - Consulta de Fornecedores (genérico, draft, inativo, 0 execuções)";;
6a574af087cff250ec360e530cbb356c;Solicitações Workday Learning;dividido;"Cadastrar curso no Workday Learning
Tirar dúvida sobre o Workday Learning";insert_link_Customer_satisfaction_survey_form;texto;sim;fora do derivado;sem_vars;;;Tirar dúvida sobre o Workday Learning;"flow disparado: EY: Portal Notification - Escalation (genérico, published, 0 execuções)
flow disparado: ACN: Notifications for Effective Calendar (genérico, published, 23 execuções)
flow disparado: EY: Reopen Flow HTR (genérico, published, 47 execuções)
flow disparado: EY: Close OLA task - Hispanic (genérico, published, 0 execuções)
flow disparado: EY: HTR - Update case to active SLA conditions (genérico, published, 17 execuções)
flow disparado: ACN: Contract Termination (genérico, published, inativo, 0 execuções)
flow disparado: EY: Close OLA task (genérico, published, 4 execuções)
flow disparado: EY: Portal Portal Notification Hispanic - Opening (genérico, published, 4 execuções)
flow disparado: EY: Reopen Flow PTP - Consulta de Fornecedores (genérico, draft, inativo, 0 execuções)";;
6a574af087cff250ec360e530cbb356c;Solicitações Workday Learning;dividido;"Cadastrar curso no Workday Learning
Tirar dúvida sobre o Workday Learning";do_you_wish_to_perform_a_bulk_enrollment;lista;sim;fora do derivado;sem_vars;;;Tirar dúvida sobre o Workday Learning;"flow disparado: EY: Portal Notification - Escalation (genérico, published, 0 execuções)
flow disparado: ACN: Notifications for Effective Calendar (genérico, published, 23 execuções)
flow disparado: EY: Reopen Flow HTR (genérico, published, 47 execuções)
flow disparado: EY: Close OLA task - Hispanic (genérico, published, 0 execuções)
flow disparado: EY: HTR - Update case to active SLA conditions (genérico, published, 17 execuções)
flow disparado: ACN: Contract Termination (genérico, published, inativo, 0 execuções)
flow disparado: EY: Close OLA task (genérico, published, 4 execuções)
flow disparado: EY: Portal Portal Notification Hispanic - Opening (genérico, published, 4 execuções)
flow disparado: EY: Reopen Flow PTP - Consulta de Fornecedores (genérico, draft, inativo, 0 execuções)";;
6a574af087cff250ec360e530cbb356c;Solicitações Workday Learning;dividido;"Cadastrar curso no Workday Learning
Tirar dúvida sobre o Workday Learning";link_eligibles_database_collaborator_id;texto;sim;fora do derivado;sem_vars;;;Tirar dúvida sobre o Workday Learning;"flow disparado: EY: Portal Notification - Escalation (genérico, published, 0 execuções)
flow disparado: ACN: Notifications for Effective Calendar (genérico, published, 23 execuções)
flow disparado: EY: Reopen Flow HTR (genérico, published, 47 execuções)
flow disparado: EY: Close OLA task - Hispanic (genérico, published, 0 execuções)
flow disparado: EY: HTR - Update case to active SLA conditions (genérico, published, 17 execuções)
flow disparado: ACN: Contract Termination (genérico, published, inativo, 0 execuções)
flow disparado: EY: Close OLA task (genérico, published, 4 execuções)
flow disparado: EY: Portal Portal Notification Hispanic - Opening (genérico, published, 4 execuções)
flow disparado: EY: Reopen Flow PTP - Consulta de Fornecedores (genérico, draft, inativo, 0 execuções)";;
6a574af087cff250ec360e530cbb356c;Solicitações Workday Learning;dividido;"Cadastrar curso no Workday Learning
Tirar dúvida sobre o Workday Learning";download_the_form_compaing_here;anexo;sim;fora do derivado;sem_vars;;;Tirar dúvida sobre o Workday Learning;"flow disparado: EY: Portal Notification - Escalation (genérico, published, 0 execuções)
flow disparado: ACN: Notifications for Effective Calendar (genérico, published, 23 execuções)
flow disparado: EY: Reopen Flow HTR (genérico, published, 47 execuções)
flow disparado: EY: Close OLA task - Hispanic (genérico, published, 0 execuções)
flow disparado: EY: HTR - Update case to active SLA conditions (genérico, published, 17 execuções)
flow disparado: ACN: Contract Termination (genérico, published, inativo, 0 execuções)
flow disparado: EY: Close OLA task (genérico, published, 4 execuções)
flow disparado: EY: Portal Portal Notification Hispanic - Opening (genérico, published, 4 execuções)
flow disparado: EY: Reopen Flow PTP - Consulta de Fornecedores (genérico, draft, inativo, 0 execuções)";;
6a574af087cff250ec360e530cbb356c;Solicitações Workday Learning;dividido;"Cadastrar curso no Workday Learning
Tirar dúvida sobre o Workday Learning";anexo_conteudo_carregado_lista_presenca;anexo;sim;fora do derivado;sem_vars;;;Tirar dúvida sobre o Workday Learning;"flow disparado: EY: Portal Notification - Escalation (genérico, published, 0 execuções)
flow disparado: ACN: Notifications for Effective Calendar (genérico, published, 23 execuções)
flow disparado: EY: Reopen Flow HTR (genérico, published, 47 execuções)
flow disparado: EY: Close OLA task - Hispanic (genérico, published, 0 execuções)
flow disparado: EY: HTR - Update case to active SLA conditions (genérico, published, 17 execuções)
flow disparado: ACN: Contract Termination (genérico, published, inativo, 0 execuções)
flow disparado: EY: Close OLA task (genérico, published, 4 execuções)
flow disparado: EY: Portal Portal Notification Hispanic - Opening (genérico, published, 4 execuções)
flow disparado: EY: Reopen Flow PTP - Consulta de Fornecedores (genérico, draft, inativo, 0 execuções)";;
9b4f69b31b851250514cbaef4b4bcb0f;Solicitar cadastro de novo CNPJ/Estabelecimento (Especifico para HRBPs e RT);conversacional;Solicitar cadastro de novo CNPJ ou estabelecimento;v_cnpj_card;anexo;sim;unida;substituida_por;nova_anexo_documentos;Envie o cartão CNPJ, o comprovante de inscrição estadual e o acordo coletivo.;todos;flow disparado: EY: Request registration of a new CNPJ/Establishment (Specific to HRBPs and RTs) (específico do item, published, 0 execuções);;
9b4f69b31b851250514cbaef4b4bcb0f;Solicitar cadastro de novo CNPJ/Estabelecimento (Especifico para HRBPs e RT);conversacional;Solicitar cadastro de novo CNPJ ou estabelecimento;v_state_registration_attachment;anexo;sim;unida;substituida_por;nova_anexo_documentos;Envie o cartão CNPJ, o comprovante de inscrição estadual e o acordo coletivo.;todos;flow disparado: EY: Request registration of a new CNPJ/Establishment (Specific to HRBPs and RTs) (específico do item, published, 0 execuções);;
9b4f69b31b851250514cbaef4b4bcb0f;Solicitar cadastro de novo CNPJ/Estabelecimento (Especifico para HRBPs e RT);conversacional;Solicitar cadastro de novo CNPJ ou estabelecimento;v_collective_agreement;anexo;sim;unida;substituida_por;nova_anexo_documentos;Envie o cartão CNPJ, o comprovante de inscrição estadual e o acordo coletivo.;todos;flow disparado: EY: Request registration of a new CNPJ/Establishment (Specific to HRBPs and RTs) (específico do item, published, 0 execuções);;
58c52cfc3b7c5290924d0247f4e45a3d;Solicitar troca de escala coletiva;conversacional;Solicitar troca coletiva de escala (feriado por dia trabalhado);primeiro_turno;checkbox;sim;unida;substituida_por;nova_turnos;Quais turnos participam da troca?;todos;flow disparado: EY: Solicitar troca de escala coletiva (específico do item, published, 0 execuções);;
58c52cfc3b7c5290924d0247f4e45a3d;Solicitar troca de escala coletiva;conversacional;Solicitar troca coletiva de escala (feriado por dia trabalhado);segundo_turno;checkbox;sim;unida;substituida_por;nova_turnos;Quais turnos participam da troca?;todos;flow disparado: EY: Solicitar troca de escala coletiva (específico do item, published, 0 execuções);;
58c52cfc3b7c5290924d0247f4e45a3d;Solicitar troca de escala coletiva;conversacional;Solicitar troca coletiva de escala (feriado por dia trabalhado);terceiro_turno;checkbox;sim;unida;substituida_por;nova_turnos;Quais turnos participam da troca?;todos;flow disparado: EY: Solicitar troca de escala coletiva (específico do item, published, 0 execuções);;
b81351591b08a558d1abda4ce54bcbdd;Tratamento e Regularização das Contas de FGTS;conversacional;Corrigir dados ou unificar contas do FGTS;v_name_fgts;checkbox;sim;unida;substituida_por;nova_dados_corrigir;Quais dados precisam ser corrigidos: nome, data de nascimento, nome da mãe, PIS ou carteira de trabalho?;todos;flow disparado: EY: Treatment and Regularization of FGTS Accounts (específico do item, published, 0 execuções);;
b81351591b08a558d1abda4ce54bcbdd;Tratamento e Regularização das Contas de FGTS;conversacional;Corrigir dados ou unificar contas do FGTS;v_date_of_birth_fgts;checkbox;sim;unida;substituida_por;nova_dados_corrigir;Quais dados precisam ser corrigidos: nome, data de nascimento, nome da mãe, PIS ou carteira de trabalho?;todos;flow disparado: EY: Treatment and Regularization of FGTS Accounts (específico do item, published, 0 execuções);;
b81351591b08a558d1abda4ce54bcbdd;Tratamento e Regularização das Contas de FGTS;conversacional;Corrigir dados ou unificar contas do FGTS;v_mother_name_fgts;checkbox;sim;unida;substituida_por;nova_dados_corrigir;Quais dados precisam ser corrigidos: nome, data de nascimento, nome da mãe, PIS ou carteira de trabalho?;todos;flow disparado: EY: Treatment and Regularization of FGTS Accounts (específico do item, published, 0 execuções);;
b81351591b08a558d1abda4ce54bcbdd;Tratamento e Regularização das Contas de FGTS;conversacional;Corrigir dados ou unificar contas do FGTS;v_pis_fgts;checkbox;sim;unida;substituida_por;nova_dados_corrigir;Quais dados precisam ser corrigidos: nome, data de nascimento, nome da mãe, PIS ou carteira de trabalho?;todos;flow disparado: EY: Treatment and Regularization of FGTS Accounts (específico do item, published, 0 execuções);;
b81351591b08a558d1abda4ce54bcbdd;Tratamento e Regularização das Contas de FGTS;conversacional;Corrigir dados ou unificar contas do FGTS;v_ctps_fgts;checkbox;sim;unida;substituida_por;nova_dados_corrigir;Quais dados precisam ser corrigidos: nome, data de nascimento, nome da mãe, PIS ou carteira de trabalho?;todos;flow disparado: EY: Treatment and Regularization of FGTS Accounts (específico do item, published, 0 execuções);;
0d5a7420874f3a10017d65790cbb354e;Treinamentos Normativos;dividido;"Mapear treinamento normativo (NR) para colaborador
Desmapear treinamento normativo (NR) de colaborador
Solicitar relatório ou certificado de treinamento normativo (NR)";select_which_trainings_should_be_mapped;lista lookup;sim;fora do derivado;sem_vars;;;Desmapear treinamento normativo (NR) de colaborador;"flow disparado: EY: Portal Notification - Escalation (genérico, published, 0 execuções)
flow disparado: ACN: Notifications for Effective Calendar (genérico, published, 23 execuções)
flow disparado: EY: Reopen Flow HTR (genérico, published, 47 execuções)
flow disparado: EY: Close OLA task - Hispanic (genérico, published, 0 execuções)
flow disparado: EY: HTR - Update case to active SLA conditions (genérico, published, 17 execuções)
flow disparado: ACN: Contract Termination (genérico, published, inativo, 0 execuções)
flow disparado: EY: Close OLA task (genérico, published, 4 execuções)
flow disparado: EY: Portal Portal Notification Hispanic - Opening (genérico, published, 4 execuções)
flow disparado: EY: Reopen Flow PTP - Consulta de Fornecedores (genérico, draft, inativo, 0 execuções)";;
0d5a7420874f3a10017d65790cbb354e;Treinamentos Normativos;dividido;"Mapear treinamento normativo (NR) para colaborador
Desmapear treinamento normativo (NR) de colaborador
Solicitar relatório ou certificado de treinamento normativo (NR)";select_mapping_type;lista;sim;fora do derivado;sem_vars;;;Desmapear treinamento normativo (NR) de colaborador;"flow disparado: EY: Portal Notification - Escalation (genérico, published, 0 execuções)
flow disparado: ACN: Notifications for Effective Calendar (genérico, published, 23 execuções)
flow disparado: EY: Reopen Flow HTR (genérico, published, 47 execuções)
flow disparado: EY: Close OLA task - Hispanic (genérico, published, 0 execuções)
flow disparado: EY: HTR - Update case to active SLA conditions (genérico, published, 17 execuções)
flow disparado: ACN: Contract Termination (genérico, published, inativo, 0 execuções)
flow disparado: EY: Close OLA task (genérico, published, 4 execuções)
flow disparado: EY: Portal Portal Notification Hispanic - Opening (genérico, published, 4 execuções)
flow disparado: EY: Reopen Flow PTP - Consulta de Fornecedores (genérico, draft, inativo, 0 execuções)";;
0d5a7420874f3a10017d65790cbb354e;Treinamentos Normativos;dividido;"Mapear treinamento normativo (NR) para colaborador
Desmapear treinamento normativo (NR) de colaborador
Solicitar relatório ou certificado de treinamento normativo (NR)";select_which_trainings_should_be_mapped;lista lookup;sim;fora do derivado;sem_vars;;;Solicitar relatório ou certificado de treinamento normativo (NR);"flow disparado: EY: Portal Notification - Escalation (genérico, published, 0 execuções)
flow disparado: ACN: Notifications for Effective Calendar (genérico, published, 23 execuções)
flow disparado: EY: Reopen Flow HTR (genérico, published, 47 execuções)
flow disparado: EY: Close OLA task - Hispanic (genérico, published, 0 execuções)
flow disparado: EY: HTR - Update case to active SLA conditions (genérico, published, 17 execuções)
flow disparado: ACN: Contract Termination (genérico, published, inativo, 0 execuções)
flow disparado: EY: Close OLA task (genérico, published, 4 execuções)
flow disparado: EY: Portal Portal Notification Hispanic - Opening (genérico, published, 4 execuções)
flow disparado: EY: Reopen Flow PTP - Consulta de Fornecedores (genérico, draft, inativo, 0 execuções)";;
0d5a7420874f3a10017d65790cbb354e;Treinamentos Normativos;dividido;"Mapear treinamento normativo (NR) para colaborador
Desmapear treinamento normativo (NR) de colaborador
Solicitar relatório ou certificado de treinamento normativo (NR)";select_mapping_type;lista;sim;fora do derivado;sem_vars;;;Solicitar relatório ou certificado de treinamento normativo (NR);"flow disparado: EY: Portal Notification - Escalation (genérico, published, 0 execuções)
flow disparado: ACN: Notifications for Effective Calendar (genérico, published, 23 execuções)
flow disparado: EY: Reopen Flow HTR (genérico, published, 47 execuções)
flow disparado: EY: Close OLA task - Hispanic (genérico, published, 0 execuções)
flow disparado: EY: HTR - Update case to active SLA conditions (genérico, published, 17 execuções)
flow disparado: ACN: Contract Termination (genérico, published, inativo, 0 execuções)
flow disparado: EY: Close OLA task (genérico, published, 4 execuções)
flow disparado: EY: Portal Portal Notification Hispanic - Opening (genérico, published, 4 execuções)
flow disparado: EY: Reopen Flow PTP - Consulta de Fornecedores (genérico, draft, inativo, 0 execuções)";;
0c6f995a1b679150a530426fe54bcba6;Acompanhamento de Beneficio (Cartão de Vale Transporte);conversacional;Acompanhar entrega do cartão de vale-transporte ou benefício;div_variables_benefit;início container;não;removida;visual;;;todos;flow disparado: EY:  Benefit Monitoring (Meal Voucher, Food and Transport Card) (específico do item, published, 3 execuções);;
0c6f995a1b679150a530426fe54bcba6;Acompanhamento de Beneficio (Cartão de Vale Transporte);conversacional;Acompanhar entrega do cartão de vale-transporte ou benefício;v_container_acompanhamento_de_beneficio;início container;não;removida;visual;;;todos;flow disparado: EY:  Benefit Monitoring (Meal Voucher, Food and Transport Card) (específico do item, published, 3 execuções);;
0c6f995a1b679150a530426fe54bcba6;Acompanhamento de Beneficio (Cartão de Vale Transporte);conversacional;Acompanhar entrega do cartão de vale-transporte ou benefício;formatter2;fim container;não;removida;visual;;;todos;flow disparado: EY:  Benefit Monitoring (Meal Voucher, Food and Transport Card) (específico do item, published, 3 execuções);;
0c6f995a1b679150a530426fe54bcba6;Acompanhamento de Beneficio (Cartão de Vale Transporte);conversacional;Acompanhar entrega do cartão de vale-transporte ou benefício;formatter;fim container;não;removida;visual;;;todos;flow disparado: EY:  Benefit Monitoring (Meal Voucher, Food and Transport Card) (específico do item, published, 3 execuções);;
0c6f995a1b679150a530426fe54bcba6;Acompanhamento de Beneficio (Cartão de Vale Transporte);conversacional;Acompanhar entrega do cartão de vale-transporte ou benefício;v_2_copy_label;rótulo rich text;não;removida;texto_movido_descricao;;;todos;flow disparado: EY:  Benefit Monitoring (Meal Voucher, Food and Transport Card) (específico do item, published, 3 execuções);;
0c6f995a1b679150a530426fe54bcba6;Acompanhamento de Beneficio (Cartão de Vale Transporte);conversacional;Acompanhar entrega do cartão de vale-transporte ou benefício;v_hyperlink_transport_voucher_label;rótulo rich text;não;removida;texto_movido_descricao;;;todos;flow disparado: EY:  Benefit Monitoring (Meal Voucher, Food and Transport Card) (específico do item, published, 3 execuções);;
23094fd91bfab990d1abda4ce54bcb29;Adesão, Alteração ou Cancelamento do Vale Transporte;dividido;"Aderir ao vale-transporte ou fretado
Alterar linhas do vale-transporte ou fretado
Cancelar vale-transporte ou fretado
Recusar vale-transporte (novo colaborador)";link;rótulo rich text;não;removida;texto_movido_descricao;;;todos;"flow disparado: EY: Adhesion, Amendment or Cancellation of the Transport Voucher and Chartered (específico do item, published, 25 execuções)
flow disparado: EY: Adhesion, Amendment or Cancellation of the Transport Voucher and Chartered - Set attachment (específico do item, published, 0 execuções)";;
23094fd91bfab990d1abda4ce54bcb29;Adesão, Alteração ou Cancelamento do Vale Transporte;dividido;"Aderir ao vale-transporte ou fretado
Alterar linhas do vale-transporte ou fretado
Cancelar vale-transporte ou fretado
Recusar vale-transporte (novo colaborador)";v_label_fill_request;rótulo rich text;não;removida;visual;;;todos;"flow disparado: EY: Adhesion, Amendment or Cancellation of the Transport Voucher and Chartered (específico do item, published, 25 execuções)
flow disparado: EY: Adhesion, Amendment or Cancellation of the Transport Voucher and Chartered - Set attachment (específico do item, published, 0 execuções)";;
23094fd91bfab990d1abda4ce54bcb29;Adesão, Alteração ou Cancelamento do Vale Transporte;dividido;"Aderir ao vale-transporte ou fretado
Alterar linhas do vale-transporte ou fretado
Cancelar vale-transporte ou fretado
Recusar vale-transporte (novo colaborador)";v_label_subscribing;rótulo rich text;não;removida;visual;;;todos;"flow disparado: EY: Adhesion, Amendment or Cancellation of the Transport Voucher and Chartered (específico do item, published, 25 execuções)
flow disparado: EY: Adhesion, Amendment or Cancellation of the Transport Voucher and Chartered - Set attachment (específico do item, published, 0 execuções)";;
23094fd91bfab990d1abda4ce54bcb29;Adesão, Alteração ou Cancelamento do Vale Transporte;dividido;"Aderir ao vale-transporte ou fretado
Alterar linhas do vale-transporte ou fretado
Cancelar vale-transporte ou fretado
Recusar vale-transporte (novo colaborador)";v_label_transport_subscribing;rótulo rich text;não;removida;visual;;;todos;"flow disparado: EY: Adhesion, Amendment or Cancellation of the Transport Voucher and Chartered (específico do item, published, 25 execuções)
flow disparado: EY: Adhesion, Amendment or Cancellation of the Transport Voucher and Chartered - Set attachment (específico do item, published, 0 execuções)";;
23094fd91bfab990d1abda4ce54bcb29;Adesão, Alteração ou Cancelamento do Vale Transporte;dividido;"Aderir ao vale-transporte ou fretado
Alterar linhas do vale-transporte ou fretado
Cancelar vale-transporte ou fretado
Recusar vale-transporte (novo colaborador)";v_label_transport_line_update;rótulo rich text;não;removida;visual;;;todos;"flow disparado: EY: Adhesion, Amendment or Cancellation of the Transport Voucher and Chartered (específico do item, published, 25 execuções)
flow disparado: EY: Adhesion, Amendment or Cancellation of the Transport Voucher and Chartered - Set attachment (específico do item, published, 0 execuções)";;
23094fd91bfab990d1abda4ce54bcb29;Adesão, Alteração ou Cancelamento do Vale Transporte;dividido;"Aderir ao vale-transporte ou fretado
Alterar linhas do vale-transporte ou fretado
Cancelar vale-transporte ou fretado
Recusar vale-transporte (novo colaborador)";v_label_cancel_transport_voucher;rótulo rich text;não;removida;visual;;;todos;"flow disparado: EY: Adhesion, Amendment or Cancellation of the Transport Voucher and Chartered (específico do item, published, 25 execuções)
flow disparado: EY: Adhesion, Amendment or Cancellation of the Transport Voucher and Chartered - Set attachment (específico do item, published, 0 execuções)";;
23094fd91bfab990d1abda4ce54bcb29;Adesão, Alteração ou Cancelamento do Vale Transporte;dividido;"Aderir ao vale-transporte ou fretado
Alterar linhas do vale-transporte ou fretado
Cancelar vale-transporte ou fretado
Recusar vale-transporte (novo colaborador)";v_label_cancel_charter;rótulo rich text;não;removida;visual;;;todos;"flow disparado: EY: Adhesion, Amendment or Cancellation of the Transport Voucher and Chartered (específico do item, published, 25 execuções)
flow disparado: EY: Adhesion, Amendment or Cancellation of the Transport Voucher and Chartered - Set attachment (específico do item, published, 0 execuções)";;
23094fd91bfab990d1abda4ce54bcb29;Adesão, Alteração ou Cancelamento do Vale Transporte;dividido;"Aderir ao vale-transporte ou fretado
Alterar linhas do vale-transporte ou fretado
Cancelar vale-transporte ou fretado
Recusar vale-transporte (novo colaborador)";v_label_cancel_transport_voucher_and_charter;rótulo rich text;não;removida;visual;;;todos;"flow disparado: EY: Adhesion, Amendment or Cancellation of the Transport Voucher and Chartered (específico do item, published, 25 execuções)
flow disparado: EY: Adhesion, Amendment or Cancellation of the Transport Voucher and Chartered - Set attachment (específico do item, published, 0 execuções)";;
23094fd91bfab990d1abda4ce54bcb29;Adesão, Alteração ou Cancelamento do Vale Transporte;dividido;"Aderir ao vale-transporte ou fretado
Alterar linhas do vale-transporte ou fretado
Cancelar vale-transporte ou fretado
Recusar vale-transporte (novo colaborador)";legenda_linha_onibus;rótulo rich text;não;removida;visual;;;todos;"flow disparado: EY: Adhesion, Amendment or Cancellation of the Transport Voucher and Chartered (específico do item, published, 25 execuções)
flow disparado: EY: Adhesion, Amendment or Cancellation of the Transport Voucher and Chartered - Set attachment (específico do item, published, 0 execuções)";;
23094fd91bfab990d1abda4ce54bcb29;Adesão, Alteração ou Cancelamento do Vale Transporte;dividido;"Aderir ao vale-transporte ou fretado
Alterar linhas do vale-transporte ou fretado
Cancelar vale-transporte ou fretado
Recusar vale-transporte (novo colaborador)";legenda_vt;rótulo rich text;não;removida;visual;;;todos;"flow disparado: EY: Adhesion, Amendment or Cancellation of the Transport Voucher and Chartered (específico do item, published, 25 execuções)
flow disparado: EY: Adhesion, Amendment or Cancellation of the Transport Voucher and Chartered - Set attachment (específico do item, published, 0 execuções)";;
23094fd91bfab990d1abda4ce54bcb29;Adesão, Alteração ou Cancelamento do Vale Transporte;dividido;"Aderir ao vale-transporte ou fretado
Alterar linhas do vale-transporte ou fretado
Cancelar vale-transporte ou fretado
Recusar vale-transporte (novo colaborador)";v_label_transport_infos;rótulo rich text;não;removida;visual;;;todos;"flow disparado: EY: Adhesion, Amendment or Cancellation of the Transport Voucher and Chartered (específico do item, published, 25 execuções)
flow disparado: EY: Adhesion, Amendment or Cancellation of the Transport Voucher and Chartered - Set attachment (específico do item, published, 0 execuções)";;
23094fd91bfab990d1abda4ce54bcb29;Adesão, Alteração ou Cancelamento do Vale Transporte;dividido;"Aderir ao vale-transporte ou fretado
Alterar linhas do vale-transporte ou fretado
Cancelar vale-transporte ou fretado
Recusar vale-transporte (novo colaborador)";v_label_chartered;rótulo rich text;não;removida;visual;;;todos;"flow disparado: EY: Adhesion, Amendment or Cancellation of the Transport Voucher and Chartered (específico do item, published, 25 execuções)
flow disparado: EY: Adhesion, Amendment or Cancellation of the Transport Voucher and Chartered - Set attachment (específico do item, published, 0 execuções)";;
23094fd91bfab990d1abda4ce54bcb29;Adesão, Alteração ou Cancelamento do Vale Transporte;dividido;"Aderir ao vale-transporte ou fretado
Alterar linhas do vale-transporte ou fretado
Cancelar vale-transporte ou fretado
Recusar vale-transporte (novo colaborador)";responsability_terms;rótulo;não;removida;texto_movido_descricao;;;todos;"flow disparado: EY: Adhesion, Amendment or Cancellation of the Transport Voucher and Chartered (específico do item, published, 25 execuções)
flow disparado: EY: Adhesion, Amendment or Cancellation of the Transport Voucher and Chartered - Set attachment (específico do item, published, 0 execuções)";;
23094fd91bfab990d1abda4ce54bcb29;Adesão, Alteração ou Cancelamento do Vale Transporte;dividido;"Aderir ao vale-transporte ou fretado
Alterar linhas do vale-transporte ou fretado
Cancelar vale-transporte ou fretado
Recusar vale-transporte (novo colaborador)";termos_de_responsabilidade;rótulo;não;removida;texto_movido_descricao;;;todos;"flow disparado: EY: Adhesion, Amendment or Cancellation of the Transport Voucher and Chartered (específico do item, published, 25 execuções)
flow disparado: EY: Adhesion, Amendment or Cancellation of the Transport Voucher and Chartered - Set attachment (específico do item, published, 0 execuções)";;
15b5791d1bc0e558d1abda4ce54bcb48;Admissão e Movimentação Internacional;dividido;"Solicitar Admissão com Movimentação Internacional
Solicitar Admissão no Exterior (Estados Unidos e França)
Solicitar Expatriação de Colaborador
Solicitar Repatriação de Colaborador";v_text_start;rótulo rich text;não;removida;visual;;;todos;flow disparado: EY: International Admission and Movement (específico do item, published, 0 execuções);;
15b5791d1bc0e558d1abda4ce54bcb48;Admissão e Movimentação Internacional;dividido;"Solicitar Admissão com Movimentação Internacional
Solicitar Admissão no Exterior (Estados Unidos e França)
Solicitar Expatriação de Colaborador
Solicitar Repatriação de Colaborador";v_text_templates;rótulo rich text;não;removida;visual;;;todos;flow disparado: EY: International Admission and Movement (específico do item, published, 0 execuções);;
15b5791d1bc0e558d1abda4ce54bcb48;Admissão e Movimentação Internacional;dividido;"Solicitar Admissão com Movimentação Internacional
Solicitar Admissão no Exterior (Estados Unidos e França)
Solicitar Expatriação de Colaborador
Solicitar Repatriação de Colaborador";v_template_international;rótulo rich text;não;removida;visual;;;todos;flow disparado: EY: International Admission and Movement (específico do item, published, 0 execuções);;
15b5791d1bc0e558d1abda4ce54bcb48;Admissão e Movimentação Internacional;dividido;"Solicitar Admissão com Movimentação Internacional
Solicitar Admissão no Exterior (Estados Unidos e França)
Solicitar Expatriação de Colaborador
Solicitar Repatriação de Colaborador";v_template_expatriation;rótulo rich text;não;removida;visual;;;todos;flow disparado: EY: International Admission and Movement (específico do item, published, 0 execuções);;
15b5791d1bc0e558d1abda4ce54bcb48;Admissão e Movimentação Internacional;dividido;"Solicitar Admissão com Movimentação Internacional
Solicitar Admissão no Exterior (Estados Unidos e França)
Solicitar Expatriação de Colaborador
Solicitar Repatriação de Colaborador";v_template_abroad;rótulo rich text;não;removida;visual;;;todos;flow disparado: EY: International Admission and Movement (específico do item, published, 0 execuções);;
d9a39a1e1b2ab810d1abda4ce54bcb4b;Alteração de Vale Refeição - VR, Alimentação - VA;conversacional;Alterar Vale-Refeição ou Vale-Alimentação;info_maia;rótulo rich text;não;removida;visual;;;todos;"flow disparado: ACN:HTR_FlowVRVA_Case1 (específico do item, published, 0 execuções)
flow disparado: ACN: Adhesion and Amendment (específico do item, published, 1 execuções)
flow disparado: ACN: HTR_FlowVRVA_Case2 (específico do item, published, 0 execuções)";;
d9a39a1e1b2ab810d1abda4ce54bcb4b;Alteração de Vale Refeição - VR, Alimentação - VA;conversacional;Alterar Vale-Refeição ou Vale-Alimentação;formatter4;divisão container;não;removida;visual;;;todos;"flow disparado: ACN:HTR_FlowVRVA_Case1 (específico do item, published, 0 execuções)
flow disparado: ACN: Adhesion and Amendment (específico do item, published, 1 execuções)
flow disparado: ACN: HTR_FlowVRVA_Case2 (específico do item, published, 0 execuções)";;
d9a39a1e1b2ab810d1abda4ce54bcb4b;Alteração de Vale Refeição - VR, Alimentação - VA;conversacional;Alterar Vale-Refeição ou Vale-Alimentação;formatter2;fim container;não;removida;visual;;;todos;"flow disparado: ACN:HTR_FlowVRVA_Case1 (específico do item, published, 0 execuções)
flow disparado: ACN: Adhesion and Amendment (específico do item, published, 1 execuções)
flow disparado: ACN: HTR_FlowVRVA_Case2 (específico do item, published, 0 execuções)";;
d9a39a1e1b2ab810d1abda4ce54bcb4b;Alteração de Vale Refeição - VR, Alimentação - VA;conversacional;Alterar Vale-Refeição ou Vale-Alimentação;formatter3;quebra;não;removida;visual;;;todos;"flow disparado: ACN:HTR_FlowVRVA_Case1 (específico do item, published, 0 execuções)
flow disparado: ACN: Adhesion and Amendment (específico do item, published, 1 execuções)
flow disparado: ACN: HTR_FlowVRVA_Case2 (específico do item, published, 0 execuções)";;
87cb02061b5ce950a530426fe54bcb55;Aplicação / Devolução de Medida Disciplinar;dividido;"Solicitar emissão de medida disciplinar (advertência)
Devolver medida disciplinar assinada";v_cont_start3;início container;não;fora do derivado;sem_vars;;;Solicitar emissão de medida disciplinar (advertência);flow disparado: EY: Application / Return of Disciplinary Measure (específico do item, published, 0 execuções);;
87cb02061b5ce950a530426fe54bcb55;Aplicação / Devolução de Medida Disciplinar;dividido;"Solicitar emissão de medida disciplinar (advertência)
Devolver medida disciplinar assinada";v_cont_start;início container;não;fora do derivado;sem_vars;;;Devolver medida disciplinar assinada;flow disparado: EY: Application / Return of Disciplinary Measure (específico do item, published, 0 execuções);;
87cb02061b5ce950a530426fe54bcb55;Aplicação / Devolução de Medida Disciplinar;dividido;"Solicitar emissão de medida disciplinar (advertência)
Devolver medida disciplinar assinada";formatter;fim container;não;fora do derivado;sem_vars;;;Devolver medida disciplinar assinada;flow disparado: EY: Application / Return of Disciplinary Measure (específico do item, published, 0 execuções);;
87cb02061b5ce950a530426fe54bcb55;Aplicação / Devolução de Medida Disciplinar;dividido;"Solicitar emissão de medida disciplinar (advertência)
Devolver medida disciplinar assinada";v_cont_start2;início container;não;fora do derivado;sem_vars;;;Devolver medida disciplinar assinada;flow disparado: EY: Application / Return of Disciplinary Measure (específico do item, published, 0 execuções);;
87cb02061b5ce950a530426fe54bcb55;Aplicação / Devolução de Medida Disciplinar;dividido;"Solicitar emissão de medida disciplinar (advertência)
Devolver medida disciplinar assinada";formatter2;fim container;não;fora do derivado;sem_vars;;;Devolver medida disciplinar assinada;flow disparado: EY: Application / Return of Disciplinary Measure (específico do item, published, 0 execuções);;
71b073b033084b9498331c07ee5c7b88;Atendimento a Franquias;conversacional;Solicitar análise de pedido de franquia;anexo_solicitacao;rótulo rich text;não;removida;visual;;;todos;"flow disparado: EY: OTC - Update case to active SLA conditions (genérico, published, 4 execuções)
flow disparado: EY: Treat reopened case (genérico, published, 5 execuções)
flow disparado: EY: Close OLA task (genérico, published, 4 execuções)";;
e07accd81bcdb910a530426fe54bcbed;Cadastro preço Brasil/Cadastro de preço exportação;conversacional;Solicitar cadastro de preço (Brasil ou exportação);v_download_template;rótulo rich text;não;removida;sem_uso_conversa;;;todos;flow disparado: EY: Brazil price registration/Export price registration (específico do item, published, 0 execuções);;
f43681331b38f510d1abda4ce54bcb5a;Cancelar ou Corrigir Nota Fiscal;conversacional;Cancelar ou corrigir nota fiscal de saída;v_click_here_to_download_the_template;rótulo rich text;não;removida;texto_movido_descricao;;;todos;flow disparado: EY: Cancel or Correct Invoice (específico do item, published, 0 execuções);;
2bd570a487788310ec360e530cbb35c8;CARTÃO COMBUSTÍVEL -  2º VIA, DESBLOQUEIO E ALTERAÇÃO DE LIMITE;dividido;"Solicitar segunda via do cartão combustível
Desbloquear cartão combustível
Alterar limite do cartão combustível";question_info_address;rótulo rich text;não;removida;visual;;;todos;"flow disparado: EY: Portal Notification - Escalation (genérico, published, 0 execuções)
flow disparado: ACN: Notifications for Effective Calendar (genérico, published, 23 execuções)
flow disparado: EY: Reopen Flow HTR (genérico, published, 47 execuções)
flow disparado: EY: Close OLA task - Hispanic (genérico, published, 0 execuções)
flow disparado: EY: HTR - Update case to active SLA conditions (genérico, published, 17 execuções)
flow disparado: ACN: Contract Termination (genérico, published, inativo, 0 execuções)
flow disparado: EY: Close OLA task (genérico, published, 4 execuções)
flow disparado: EY: Portal Portal Notification Hispanic - Opening (genérico, published, 4 execuções)
flow disparado: EY: Reopen Flow PTP - Consulta de Fornecedores (genérico, draft, inativo, 0 execuções)";;
2bd570a487788310ec360e530cbb35c8;CARTÃO COMBUSTÍVEL -  2º VIA, DESBLOQUEIO E ALTERAÇÃO DE LIMITE;dividido;"Solicitar segunda via do cartão combustível
Desbloquear cartão combustível
Alterar limite do cartão combustível";question_permanent_template;rótulo rich text;não;removida;texto_movido_descricao;;;todos;"flow disparado: EY: Portal Notification - Escalation (genérico, published, 0 execuções)
flow disparado: ACN: Notifications for Effective Calendar (genérico, published, 23 execuções)
flow disparado: EY: Reopen Flow HTR (genérico, published, 47 execuções)
flow disparado: EY: Close OLA task - Hispanic (genérico, published, 0 execuções)
flow disparado: EY: HTR - Update case to active SLA conditions (genérico, published, 17 execuções)
flow disparado: ACN: Contract Termination (genérico, published, inativo, 0 execuções)
flow disparado: EY: Close OLA task (genérico, published, 4 execuções)
flow disparado: EY: Portal Portal Notification Hispanic - Opening (genérico, published, 4 execuções)
flow disparado: EY: Reopen Flow PTP - Consulta de Fornecedores (genérico, draft, inativo, 0 execuções)";;
2bd570a487788310ec360e530cbb35c8;CARTÃO COMBUSTÍVEL -  2º VIA, DESBLOQUEIO E ALTERAÇÃO DE LIMITE;dividido;"Solicitar segunda via do cartão combustível
Desbloquear cartão combustível
Alterar limite do cartão combustível";question_oneoff_template;rótulo rich text;não;removida;texto_movido_descricao;;;todos;"flow disparado: EY: Portal Notification - Escalation (genérico, published, 0 execuções)
flow disparado: ACN: Notifications for Effective Calendar (genérico, published, 23 execuções)
flow disparado: EY: Reopen Flow HTR (genérico, published, 47 execuções)
flow disparado: EY: Close OLA task - Hispanic (genérico, published, 0 execuções)
flow disparado: EY: HTR - Update case to active SLA conditions (genérico, published, 17 execuções)
flow disparado: ACN: Contract Termination (genérico, published, inativo, 0 execuções)
flow disparado: EY: Close OLA task (genérico, published, 4 execuções)
flow disparado: EY: Portal Portal Notification Hispanic - Opening (genérico, published, 4 execuções)
flow disparado: EY: Reopen Flow PTP - Consulta de Fornecedores (genérico, draft, inativo, 0 execuções)";;
0f3d986c87508390ec360e530cbb35c5;Celebrações e Eventos da Jornada da pessoa Colaboradora;conversacional;Dúvidas sobre celebrações e eventos para colaboradores;more_info_text_item;rótulo rich text;não;removida;sem_uso_conversa;;;todos;"flow disparado: EY: Portal Notification - Escalation (genérico, published, 0 execuções)
flow disparado: ACN: Notifications for Effective Calendar (genérico, published, 23 execuções)
flow disparado: EY: Reopen Flow HTR (genérico, published, 47 execuções)
flow disparado: EY: Close OLA task - Hispanic (genérico, published, 0 execuções)
flow disparado: EY: HTR - Update case to active SLA conditions (genérico, published, 17 execuções)
flow disparado: ACN: Contract Termination (genérico, published, inativo, 0 execuções)
flow disparado: EY: Close OLA task (genérico, published, 4 execuções)
flow disparado: EY: Portal Portal Notification Hispanic - Opening (genérico, published, 4 execuções)
flow disparado: EY: Reopen Flow PTP - Consulta de Fornecedores (genérico, draft, inativo, 0 execuções)";;
aecc23c61b5d6910d1abda4ce54bcb8c;Comprovante de Pagamento Internacional;conversacional;Solicitar comprovante de pagamento internacional;v_fill_informations;rótulo rich text;não;removida;visual;;;todos;flow disparado: EY: Proof of International Payment (específico do item, published, 4 execuções);;
d3f7ba031b099a10514cbaef4b4bcb26;Conexa (Psicologia Viva) - Inclusão, Alteração ou Cancelamento de Beneficiário / Rede de afeto;conversacional;Incluir, alterar ou cancelar beneficiário da Psicologia Viva (Conexa);v_help_text;rótulo rich text;não;removida;visual;;;todos;flow disparado: EY: Conexa (Psicologia Viva) - Inclusion, Change or Cancellation of Beneficiary / Network of affection (específico do item, published, 3 execuções);;
d3f7ba031b099a10514cbaef4b4bcb26;Conexa (Psicologia Viva) - Inclusão, Alteração ou Cancelamento de Beneficiário / Rede de afeto;conversacional;Incluir, alterar ou cancelar beneficiário da Psicologia Viva (Conexa);v_more_informations_label;rótulo rich text;não;removida;visual;;;todos;flow disparado: EY: Conexa (Psicologia Viva) - Inclusion, Change or Cancellation of Beneficiary / Network of affection (específico do item, published, 3 execuções);;
d3f7ba031b099a10514cbaef4b4bcb26;Conexa (Psicologia Viva) - Inclusão, Alteração ou Cancelamento de Beneficiário / Rede de afeto;conversacional;Incluir, alterar ou cancelar beneficiário da Psicologia Viva (Conexa);v_label_fill_request;rótulo rich text;não;removida;visual;;;todos;flow disparado: EY: Conexa (Psicologia Viva) - Inclusion, Change or Cancellation of Beneficiary / Network of affection (específico do item, published, 3 execuções);;
23e1547e1b1ce190d1abda4ce54bcbba;Consulta de estabilidade médica (casos restritos);conversacional;Consultar estabilidade médica antes de desligar (casos restritos);v_text_star;rótulo rich text;não;removida;visual;;;todos;flow disparado: EY: Medical stability consultation (restricted cases) (específico do item, published, 0 execuções);;
1ccb68a91bdf0a10d1abda4ce54bcb5c;Consulta de Fornecedores;dividido;"Consultar status ou comprovante de pagamento de nota fiscal (interno)
Solicitar composição de pagamento a fornecedor (interno)
Consultar ou corrigir lançamento de nota fiscal de fornecedor (interno)";v_for_more_information;rótulo rich text;não;removida;texto_movido_descricao;;;todos;flow disparado: EY: PTP - INTERNO Consulta de Fornecedores v1 (específico do item, published, 36 execuções);;
1ccb68a91bdf0a10d1abda4ce54bcb5c;Consulta de Fornecedores;dividido;"Consultar status ou comprovante de pagamento de nota fiscal (interno)
Solicitar composição de pagamento a fornecedor (interno)
Consultar ou corrigir lançamento de nota fiscal de fornecedor (interno)";v_label_produtivo_improdutivo_servico;rótulo rich text;não;removida;visual;;;todos;flow disparado: EY: PTP - INTERNO Consulta de Fornecedores v1 (específico do item, published, 36 execuções);;
1ccb68a91bdf0a10d1abda4ce54bcb5c;Consulta de Fornecedores;dividido;"Consultar status ou comprovante de pagamento de nota fiscal (interno)
Solicitar composição de pagamento a fornecedor (interno)
Consultar ou corrigir lançamento de nota fiscal de fornecedor (interno)";attach_info;rótulo rich text;não;removida;visual;;;todos;flow disparado: EY: PTP - INTERNO Consulta de Fornecedores v1 (específico do item, published, 36 execuções);;
7153436d1b046d58d1abda4ce54bcb54;Desligamento Transferência Permanente Internacional;conversacional;Desligar colaborador por transferência internacional permanente;v_text_start;rótulo rich text;não;removida;visual;;;todos;flow disparado: EY: Termination Permanent International Transfer (específico do item, published, 0 execuções);;
7153436d1b046d58d1abda4ce54bcb54;Desligamento Transferência Permanente Internacional;conversacional;Desligar colaborador por transferência internacional permanente;v_text_resolv;rótulo rich text;não;removida;visual;;;todos;flow disparado: EY: Termination Permanent International Transfer (específico do item, published, 0 execuções);;
9869b07c1bbf1114d1abda4ce54bcb13;Devolução do Aviso de Férias;dividido;"Dar ciência das minhas férias programadas
Devolver aviso de férias da minha equipe";label_importante;rótulo rich text;não;removida;visual;;;todos;flow disparado: EY: Return of Vacation Notice (específico do item, published, 5 execuções);;
9869b07c1bbf1114d1abda4ce54bcb13;Devolução do Aviso de Férias;dividido;"Dar ciência das minhas férias programadas
Devolver aviso de férias da minha equipe";label_assistente_maia;rótulo rich text;não;removida;visual;;;todos;flow disparado: EY: Return of Vacation Notice (específico do item, published, 5 execuções);;
9869b07c1bbf1114d1abda4ce54bcb13;Devolução do Aviso de Férias;dividido;"Dar ciência das minhas férias programadas
Devolver aviso de férias da minha equipe";label_kb_adp;rótulo rich text;não;removida;visual;;;todos;flow disparado: EY: Return of Vacation Notice (específico do item, published, 5 execuções);;
9869b07c1bbf1114d1abda4ce54bcb13;Devolução do Aviso de Férias;dividido;"Dar ciência das minhas férias programadas
Devolver aviso de férias da minha equipe";v_cont_start_vacation;início container;não;removida;visual;;;todos;flow disparado: EY: Return of Vacation Notice (específico do item, published, 5 execuções);;
9869b07c1bbf1114d1abda4ce54bcb13;Devolução do Aviso de Férias;dividido;"Dar ciência das minhas férias programadas
Devolver aviso de férias da minha equipe";formatter;fim container;não;removida;visual;;;todos;flow disparado: EY: Return of Vacation Notice (específico do item, published, 5 execuções);;
9869b07c1bbf1114d1abda4ce54bcb13;Devolução do Aviso de Férias;dividido;"Dar ciência das minhas férias programadas
Devolver aviso de férias da minha equipe";v_text_attach;rótulo;não;substituída;substituida_por;nova_anexo_aviso_adp;Envie o aviso de férias gerado pelo sistema ADP (com 35 dias de antecedência).;todos;flow disparado: EY: Return of Vacation Notice (específico do item, published, 5 execuções);;
af68d93f1b78f510d1abda4ce54bcb33;Divergência entre Físico e Fiscal;conversacional;Informar divergência entre físico e fiscal no recebimento;v_click_here_to_download_the_template;rótulo rich text;não;removida;visual;;;todos;flow disparado: EY: Difference between Physical and Fiscal (específico do item, published, 0 execuções);;
59a2d0171bef9190d1abda4ce54bcb98;Documentos para Processo Trabalhista, Auditoria e Fiscalização;conversacional;Solicitar documentos para processo trabalhista, auditoria ou fiscalização;v_div_variables_labor;início container;não;removida;visual;;;todos;flow disparado: EY: Documents for Labor Process, Audit and Supervision (específico do item, published, 35 execuções);;
59a2d0171bef9190d1abda4ce54bcb98;Documentos para Processo Trabalhista, Auditoria e Fiscalização;conversacional;Solicitar documentos para processo trabalhista, auditoria ou fiscalização;v_text_checkbox;rótulo;não;removida;visual;;;todos;flow disparado: EY: Documents for Labor Process, Audit and Supervision (específico do item, published, 35 execuções);;
17bab25687b95210ec360e530cbb3527;Dúvidas, consultas, reclamações ou sugestões relacionadas à Frota;conversacional;Tirar dúvida ou registrar reclamação sobre a frota;v_faqs;rótulo rich text;não;removida;sem_uso_conversa;;;todos;flow disparado: EY: Questions, queries, complaints or suggestions related to Fleet (específico do item, published, 7 execuções);;
4a564f8b3bfb0e10924d0247f4e45a5e;Dúvidas, consultas, reclamações ou sugestões sobre Dados Pessoais;conversacional;Tirar dúvida ou registrar reclamação sobre dados pessoais (América Hispânica);FAQs;rótulo rich text;não;removida;sem_uso_conversa;;;todos;flow disparado: EY: Questions, consults, complaints or suggestions about Personal Data (específico do item, published, 2 execuções);;
4a564f8b3bfb0e10924d0247f4e45a5e;Dúvidas, consultas, reclamações ou sugestões sobre Dados Pessoais;conversacional;Tirar dúvida ou registrar reclamação sobre dados pessoais (América Hispânica);v_minimun_characters;rótulo rich text;não;removida;sem_uso_conversa;;;todos;flow disparado: EY: Questions, consults, complaints or suggestions about Personal Data (específico do item, published, 2 execuções);;
18ac98eb3bb30250924d0247f4e45ac5;Dúvidas, consultas, reclamações ou sugestões sobre licenças;conversacional;Tirar dúvida ou reclamar sobre licenças (América Hispânica);FAQs;rótulo rich text;não;removida;visual;;;todos;flow disparado: EY: Questions, inquiries, complaints, or suggestions related to licenses (específico do item, published, 4 execuções);;
18ac98eb3bb30250924d0247f4e45ac5;Dúvidas, consultas, reclamações ou sugestões sobre licenças;conversacional;Tirar dúvida ou reclamar sobre licenças (América Hispânica);v_minimun_characters;rótulo rich text;não;removida;sem_uso_conversa;;;todos;flow disparado: EY: Questions, inquiries, complaints, or suggestions related to licenses (específico do item, published, 4 execuções);;
b774fd621b3b8610514cbaef4b4bcbea;Dúvidas, questões, reclamações ou sugestões relativas a admissões, movimentos, promoções ou saídas;conversacional;Tirar dúvida sobre admissão, transferência, promoção ou saída (América Hispânica);v_min_characters;rótulo rich text;não;removida;visual;;;todos;"flow disparado: EY: Doubts, queries, complaints or suggestions regarding admissions, movements, promotions or withdrawal (específico do item, published, 4 execuções)
flow disparado: Old Doubts, queries, complaints or suggestions regarding admissions, movements, promotions or withdrawals (específico do item, draft, inativo, 0 execuções)
flow disparado: Doubts, queries, complaints or suggestions regarding admissions, movements, promotions or withdrawals (específico do item, published, 0 execuções)";;
b99630ca1b766d10a530426fe54bcba4;Dúvidas, reclamações e sugestões relacionadas a benefícios;conversacional;Tirar dúvida ou reclamar sobre benefícios (Brasil);Info;rótulo rich text;não;removida;visual;;;todos;"flow disparado: Questions or Information Benefits (específico do item, published, 35 execuções)
flow disparado: EY: Reopen Flow HTR - N2 (específico do item, published, 0 execuções)";;
b99630ca1b766d10a530426fe54bcba4;Dúvidas, reclamações e sugestões relacionadas a benefícios;conversacional;Tirar dúvida ou reclamar sobre benefícios (Brasil);v_text_vale_ref_alim;rótulo rich text;não;removida;texto_movido_descricao;;;todos;"flow disparado: Questions or Information Benefits (específico do item, published, 35 execuções)
flow disparado: EY: Reopen Flow HTR - N2 (específico do item, published, 0 execuções)";;
0a7fd2331b343910d1abda4ce54bcbc2;Emissão de Notas de Venda de Mercadoria;conversacional;Solicitar nota fiscal de venda de mercadoria;v_click_here_template;rótulo rich text;não;removida;visual;;;todos;flow disparado: EY: Issuance of Merchandise Sales Invoices (específico do item, published, 0 execuções);;
02733af71bb43910d1abda4ce54bcb4c;Emissão de Notas Fiscais de Industrialização;conversacional;Solicitar nota fiscal de remessa para industrialização;v_attach_pdf;rótulo rich text;não;removida;visual;;;todos;"flow disparado: EY: Issuance of Industrialization Invoices (específico do item, published, 18 execuções)
flow disparado: EY: TAX - Send notifications to external (Issuance of Industrialization Invoices) (específico do item, published, 18 execuções)";;
02733af71bb43910d1abda4ce54bcb4c;Emissão de Notas Fiscais de Industrialização;conversacional;Solicitar nota fiscal de remessa para industrialização;v_attachment_confirmation;rótulo;não;removida;visual;;;todos;"flow disparado: EY: Issuance of Industrialization Invoices (específico do item, published, 18 execuções)
flow disparado: EY: TAX - Send notifications to external (Issuance of Industrialization Invoices) (específico do item, published, 18 execuções)";;
41f22d2287848b10ec360e530cbb35cb;Fornecedores de Argentina – Cadastro de E-mail para Recebimento de Comprovantes de Retenção;conversacional;Cadastrar e-mail para receber comprovantes de retenção (fornecedores da Argentina);question_important_info;rótulo rich text;não;removida;visual;;;todos;"flow disparado: EY PTP - Update case to active SLA conditions  (genérico, published, 17 execuções)
flow disparado: EY: Close OLA task (genérico, published, 14 execuções)";;
2def243d1bd42550d1abda4ce54bcbae;Informações ou dúvidas relacionadas à Controle de Jornada;conversacional;Dúvidas sobre controle de jornada e ponto;Info;rótulo rich text;não;removida;visual;;;todos;"flow disparado: EY: Reopen Flow HTR - N2 (específico do item, published, 0 execuções)
flow disparado: EY: Questions or Information Journey Control​ (específico do item, published, 6 execuções)";;
bcb96c711b942550d1abda4ce54bcbce;Informações ou dúvidas relacionadas à Dados Pessoais;conversacional;Tirar dúvida sobre dados pessoais (Brasil);Info;rótulo rich text;não;removida;visual;;;todos;"flow disparado: EY: Reopen Flow HTR - N2 (específico do item, published, 0 execuções)
flow disparado: Questions or Information Personal data (específico do item, published, 7 execuções)";;
e58c5dad1b5c2150a530426fe54bcb64;Informações ou dúvidas relacionadas à Declarações;conversacional;Tirar dúvida sobre declarações e documentos do RH;Info;rótulo rich text;não;removida;sem_uso_conversa;;;todos;"flow disparado: EY: Reopen Flow HTR - N2 (específico do item, published, 0 execuções)
flow disparado: Questions or Information Declarations (específico do item, published, 9 execuções)";;
8d6da4711bd42550d1abda4ce54bcb5d;Informações ou dúvidas relacionadas à Desligamento;conversacional;Tirar dúvida sobre desligamento e rescisão;Info;rótulo rich text;não;removida;visual;;;todos;"flow disparado: EY: Reopen Flow HTR - N2 (específico do item, published, 0 execuções)
flow disparado: Questions or Information Termination (específico do item, published, 4 execuções)";;
8d6da4711bd42550d1abda4ce54bcb5d;Informações ou dúvidas relacionadas à Desligamento;conversacional;Tirar dúvida sobre desligamento e rescisão;formatter;fim container;não;removida;visual;;;todos;"flow disparado: EY: Reopen Flow HTR - N2 (específico do item, published, 0 execuções)
flow disparado: Questions or Information Termination (específico do item, published, 4 execuções)";;
b4e12da91bdc2150a530426fe54bcb1a;Informações ou dúvidas relacionadas à Férias;conversacional;Tirar dúvida sobre férias (Brasil);Info;rótulo rich text;não;removida;visual;;;todos;"flow disparado: EY: Reopen Flow HTR - N2 (específico do item, published, 0 execuções)
flow disparado: Questions or Information Vacation (específico do item, published, 8 execuções)";;
b4e12da91bdc2150a530426fe54bcb1a;Informações ou dúvidas relacionadas à Férias;conversacional;Tirar dúvida sobre férias (Brasil);mandatory_vacations_txt;rótulo rich text;não;removida;texto_movido_descricao;;;todos;"flow disparado: EY: Reopen Flow HTR - N2 (específico do item, published, 0 execuções)
flow disparado: Questions or Information Vacation (específico do item, published, 8 execuções)";;
b4e12da91bdc2150a530426fe54bcb1a;Informações ou dúvidas relacionadas à Férias;conversacional;Tirar dúvida sobre férias (Brasil);programming_vacations_txt;rótulo rich text;não;removida;texto_movido_descricao;;;todos;"flow disparado: EY: Reopen Flow HTR - N2 (específico do item, published, 0 execuções)
flow disparado: Questions or Information Vacation (específico do item, published, 8 execuções)";;
6c0c3c2d1b902150a530426fe54bcb7c;Informações ou dúvidas relacionadas à Folha de Pagamento;conversacional;Tirar dúvidas sobre a folha de pagamento;Info;rótulo rich text;não;removida;visual;;;todos;"flow disparado: EY: Reopen Flow HTR - N2 (específico do item, published, 0 execuções)
flow disparado: Questions or Information Payroll (específico do item, published, 17 execuções)";;
6c0c3c2d1b902150a530426fe54bcb7c;Informações ou dúvidas relacionadas à Folha de Pagamento;conversacional;Tirar dúvidas sobre a folha de pagamento;formatter;fim container;não;removida;visual;;;todos;"flow disparado: EY: Reopen Flow HTR - N2 (específico do item, published, 0 execuções)
flow disparado: Questions or Information Payroll (específico do item, published, 17 execuções)";;
71d664751b542550d1abda4ce54bcb0f;Informações ou dúvidas relacionadas à Licenças e Ausências;conversacional;Tirar dúvida sobre licenças e ausências;Info;rótulo rich text;não;removida;visual;;;todos;"flow disparado: Questions or Information Leaves and Absences ​ (específico do item, published, 4 execuções)
flow disparado: EY: Reopen Flow HTR - N2 (específico do item, published, 0 execuções)";;
3399d0941ba5c610a530426fe54bcbfb;Informações ou dúvidas relacionadas a movimentação de pessoal e estrutura;conversacional;Tirar dúvida sobre movimentação de pessoal e estrutura;when_use_this_form;rótulo rich text;não;removida;visual;;;todos;flow disparado: EY: Informações ou dúvidas relacionadas a movimentação de pessoal e estrutura (específico do item, published, 4 execuções);;
ce192c6933bc471098331c07ee5c7b3a;Informações ou dúvidas relacionadas à Relações Trabalhista;conversacional;Tirar dúvidas sobre relações trabalhistas e sindicais;v_attach_text;rótulo rich text;não;removida;sem_uso_conversa;;;todos;"flow disparado: EY: Portal Notification - Escalation (genérico, published, 0 execuções)
flow disparado: ACN: Notifications for Effective Calendar (genérico, published, 23 execuções)
flow disparado: EY: Reopen Flow HTR (genérico, published, 47 execuções)
flow disparado: EY: Close OLA task - Hispanic (genérico, published, 0 execuções)
flow disparado: EY: HTR - Update case to active SLA conditions (genérico, published, 17 execuções)
flow disparado: ACN: Contract Termination (genérico, published, inativo, 0 execuções)
flow disparado: EY: Close OLA task (genérico, published, 4 execuções)
flow disparado: EY: Portal Portal Notification Hispanic - Opening (genérico, published, 4 execuções)
flow disparado: EY: Reopen Flow PTP - Consulta de Fornecedores (genérico, draft, inativo, 0 execuções)";;
96ae57af1b9c61d0d1abda4ce54bcbe7;Informações sobre Cartão Corporativo;dividido;"Tirar dúvida sobre cartão corporativo
Avisar viagem internacional com cartão corporativo";v_if_you_have_questions_about_the_process;rótulo rich text;não;removida;visual;;;todos;flow disparado: EY: Corporate Card Information (específico do item, published, 10 execuções);;
96ae57af1b9c61d0d1abda4ce54bcbe7;Informações sobre Cartão Corporativo;dividido;"Tirar dúvida sobre cartão corporativo
Avisar viagem internacional com cartão corporativo";v_corporate_card_information;início container;não;removida;visual;;;todos;flow disparado: EY: Corporate Card Information (específico do item, published, 10 execuções);;
822a4a181b1f3010d1abda4ce54bcbe7;Lançamento de Atestados;conversacional;Enviar atestado médico;attach_the_certificate;rótulo rich text;não;removida;visual;;;todos;"flow disparado: EY: Absence Management (específico do item, published, 41 execuções)
flow disparado: ACN: Absence Management (específico do item, published, inativo, 0 execuções)
flow disparado: EY: Release of Certificates - Set attachment (específico do item, published, 0 execuções)";;
2fbbb06a1ba79550a530426fe54bcbc8;MyPerformance;conversacional;Dúvida ou problema na avaliação de desempenho (MyPerformance);faq_text;rótulo rich text;não;removida;visual;;;todos;flow disparado: EY: MyPerformance (específico do item, published, 0 execuções);;
2fbbb06a1ba79550a530426fe54bcbc8;MyPerformance;conversacional;Dúvida ou problema na avaliação de desempenho (MyPerformance);v_cont_start_myperformace;início container;não;removida;visual;;;todos;flow disparado: EY: MyPerformance (específico do item, published, 0 execuções);;
bc3db2bb1bf43910d1abda4ce54bcb55;Nota Fiscal Outras Saídas;conversacional;Solicitar nota fiscal de outras saídas (teste, transferência, evento, armazenagem);legal_conformity_text;rótulo rich text;não;removida;sem_uso_conversa;;;todos;flow disparado: EY: Invoice Other Outputs (específico do item, published, 25 execuções);;
bc3db2bb1bf43910d1abda4ce54bcb55;Nota Fiscal Outras Saídas;conversacional;Solicitar nota fiscal de outras saídas (teste, transferência, evento, armazenagem);v_click_here_to_download_the_template;rótulo rich text;não;removida;visual;;;todos;flow disparado: EY: Invoice Other Outputs (específico do item, published, 25 execuções);;
bc3db2bb1bf43910d1abda4ce54bcb55;Nota Fiscal Outras Saídas;conversacional;Solicitar nota fiscal de outras saídas (teste, transferência, evento, armazenagem);v_click_here_to_download_the_template_events;rótulo rich text;não;removida;visual;;;todos;flow disparado: EY: Invoice Other Outputs (específico do item, published, 25 execuções);;
bc3db2bb1bf43910d1abda4ce54bcb55;Nota Fiscal Outras Saídas;conversacional;Solicitar nota fiscal de outras saídas (teste, transferência, evento, armazenagem);v_click_here_to_download_the_template_not_event;rótulo rich text;não;removida;visual;;;todos;flow disparado: EY: Invoice Other Outputs (específico do item, published, 25 execuções);;
051cbf0b1bafd190a530426fe54bcbd4;OurTalents;conversacional;Dúvida ou problema no OurTalents (comitê de talentos);v_cont_start_ourtalents;início container;não;removida;visual;;;todos;flow disparado: EY: OurTalents (específico do item, published, 0 execuções);;
051cbf0b1bafd190a530426fe54bcbd4;OurTalents;conversacional;Dúvida ou problema no OurTalents (comitê de talentos);faq_text;rótulo rich text;não;removida;visual;;;todos;flow disparado: EY: OurTalents (específico do item, published, 0 execuções);;
290911003b501250924d0247f4e45a0e;Outras solicitações de licença;conversacional;Solicitar outras licenças;v_faq;rótulo rich text;não;removida;visual;;;todos;flow disparado: EY: Request for Other Leave (específico do item, published, 5 execuções);;
290911003b501250924d0247f4e45a0e;Outras solicitações de licença;conversacional;Solicitar outras licenças;v_minimun_characters;rótulo rich text;não;removida;visual;;;todos;flow disparado: EY: Request for Other Leave (específico do item, published, 5 execuções);;
290911003b501250924d0247f4e45a0e;Outras solicitações de licença;conversacional;Solicitar outras licenças;v_attachment_info;rótulo rich text;não;removida;visual;;;todos;flow disparado: EY: Request for Other Leave (específico do item, published, 5 execuções);;
4c6ef8fd1b982550d1abda4ce54bcb36;Pagamento de Acúmulo de Função;conversacional;Solicitar pagamento de acúmulo de função;v_text_start;rótulo rich text;não;removida;visual;;;todos;flow disparado: EY: Function Accrual Payment (específico do item, published, 4 execuções);;
4c6ef8fd1b982550d1abda4ce54bcb36;Pagamento de Acúmulo de Função;conversacional;Solicitar pagamento de acúmulo de função;v_download_mass_template;rótulo rich text;não;removida;visual;;;todos;flow disparado: EY: Function Accrual Payment (específico do item, published, 4 execuções);;
85bfd7981b701a50514cbaef4b4bcb0b;Pedidos relacionados Despesas;conversacional;Pedidos sobre despesas corporativas;v_min_characters;rótulo rich text;não;removida;visual;;;todos;flow disparado: EY: Related requests expenses (específico do item, published, 2 execuções);;
d290b9ee87bab610ec360e530cbb358f;Portal de Pagamento de Frete do Brasil;conversacional;Verificar documentos de frete pendentes de faturamento;v_warning_document_attach;rótulo;não;removida;visual;;;todos;"flow disparado: EY PTP - Update case to active SLA conditions  (genérico, published, 17 execuções)
flow disparado: EY: Close OLA task (genérico, published, 14 execuções)";;
4f50f3a71b102dd0a530426fe54bcb88;PPP - Perfil Profissiográfico Previdenciário;conversacional;Solicitar PPP (Perfil Profissiográfico Previdenciário);v_text_if_date2000;rótulo rich text;não;removida;texto_movido_descricao;;;todos;"flow disparado: ACN: General e-Signature into Documents (específico do item, published, 0 execuções)
flow disparado: EY: PPP (específico do item, published, 16 execuções)";;
9f456ded1b3c2d14a530426fe54bcbc1;Programa Florescer;conversacional;Programa Jovem Aprendiz (Florescer): dúvidas e troca de gestor;faq_text;rótulo rich text;não;removida;visual;;;todos;flow disparado: EY: Florescer Program (específico do item, published, 0 execuções);;
046b58fc1bb71114d1abda4ce54bcbbc;Prorrogação de título;conversacional;Solicitar prorrogação de vencimento de títulos;v_template_natura;rótulo rich text;não;removida;visual;;;todos;flow disparado: EY: Title extension (específico do item, published, 4 execuções);;
046b58fc1bb71114d1abda4ce54bcbbc;Prorrogação de título;conversacional;Solicitar prorrogação de vencimento de títulos;v_template_avon;rótulo rich text;não;removida;visual;;;todos;flow disparado: EY: Title extension (específico do item, published, 4 execuções);;
6a2fa9bc1b005650514cbaef4b4bcb85;Questões, dúvidas, reclamações ou sugestões relacionadas a Férias;conversacional;Tirar dúvida ou reclamar sobre férias (América Hispânica);FAQs;rótulo rich text;não;removida;visual;;;todos;flow disparado: EY: Questions, consults, complaints or suggestions related to Vacations (específico do item, published, 5 execuções);;
6a2fa9bc1b005650514cbaef4b4bcb85;Questões, dúvidas, reclamações ou sugestões relacionadas a Férias;conversacional;Tirar dúvida ou reclamar sobre férias (América Hispânica);v_minimun_characters;rótulo rich text;não;removida;visual;;;todos;flow disparado: EY: Questions, consults, complaints or suggestions related to Vacations (específico do item, published, 5 execuções);;
bd575a8f1bb8e550d1abda4ce54bcb1d;Realizar Prestação de Contas - LATAM;conversacional;Prestar contas - LATAM;v_attach_the_support_documents_for_accountability_below;rótulo;não;removida;visual;;;todos;flow disparado: EY: Performing Accountability - LATAM (específico do item, published, 16 execuções);;
b2fc94b81b09a5d0d1abda4ce54bcb5e;Reclassificação e Legalização de Adiantamentos a Colaboradores – LATAM;conversacional;Reclassificar ou legalizar adiantamento - LATAM;v_click_here_to_download_the_template;rótulo rich text;não;removida;visual;;;todos;flow disparado: EY: Reclassification and Legalization of Advances to Employees - LATAM (específico do item, published, 1 execuções);;
f662d29e1ba2b810a530426fe54bcb8b;Reembolso Auxílio Creche ou Babá;conversacional;Pedir reembolso de auxílio-creche ou babá;fill_request;início container;não;removida;visual;;;todos;"flow disparado: EY: Reimbursement of Daycare or Babysitting Assistance (específico do item, published, 6 execuções)
flow disparado: NAT&CO Auxílio Creche e Babá (específico do item, published, inativo, 0 execuções)";;
f662d29e1ba2b810a530426fe54bcb8b;Reembolso Auxílio Creche ou Babá;conversacional;Pedir reembolso de auxílio-creche ou babá;formatter2;fim container;não;removida;visual;;;todos;"flow disparado: EY: Reimbursement of Daycare or Babysitting Assistance (específico do item, published, 6 execuções)
flow disparado: NAT&CO Auxílio Creche e Babá (específico do item, published, inativo, 0 execuções)";;
f662d29e1ba2b810a530426fe54bcb8b;Reembolso Auxílio Creche ou Babá;conversacional;Pedir reembolso de auxílio-creche ou babá;formatter;fim container;não;removida;visual;;;todos;"flow disparado: EY: Reimbursement of Daycare or Babysitting Assistance (específico do item, published, 6 execuções)
flow disparado: NAT&CO Auxílio Creche e Babá (específico do item, published, inativo, 0 execuções)";;
f662d29e1ba2b810a530426fe54bcb8b;Reembolso Auxílio Creche ou Babá;conversacional;Pedir reembolso de auxílio-creche ou babá;statement_of_veracity;rótulo;não;removida;visual;;;todos;"flow disparado: EY: Reimbursement of Daycare or Babysitting Assistance (específico do item, published, 6 execuções)
flow disparado: NAT&CO Auxílio Creche e Babá (específico do item, published, inativo, 0 execuções)";;
3a2fe0b81b4da5d0d1abda4ce54bcb46;Reintegração de ex colaborador;conversacional;Solicitar reintegração de ex-colaborador;v_cont_start;início container;não;removida;visual;;;todos;flow disparado: EY: Employee Reinstatement  (específico do item, published, 4 execuções);;
3a2fe0b81b4da5d0d1abda4ce54bcb46;Reintegração de ex colaborador;conversacional;Solicitar reintegração de ex-colaborador;v_administrative_reinstatement;rótulo;não;removida;texto_movido_descricao;;;todos;flow disparado: EY: Employee Reinstatement  (específico do item, published, 4 execuções);;
3a2fe0b81b4da5d0d1abda4ce54bcb46;Reintegração de ex colaborador;conversacional;Solicitar reintegração de ex-colaborador;v_attach_the_court_case;rótulo;não;removida;texto_movido_descricao;;;todos;flow disparado: EY: Employee Reinstatement  (específico do item, published, 4 execuções);;
3a2fe0b81b4da5d0d1abda4ce54bcb46;Reintegração de ex colaborador;conversacional;Solicitar reintegração de ex-colaborador;v_text_attach;rótulo rich text;não;removida;visual;;;todos;flow disparado: EY: Employee Reinstatement  (específico do item, published, 4 execuções);;
dc0f75b81bb39114d1abda4ce54bcba5;Relatar erros ou ajustes no acesso ADP;conversacional;Relatar erro ou pedir ajuste de acesso no ADP;v_adp_access_maintenance;início container;não;removida;visual;;;todos;flow disparado: EY: ADP Access Maintenance (específico do item, published, 1 execuções);;
0af68d3f1b7cf510a530426fe54bcb35;Remessa para Conserto;conversacional;Solicitar nota fiscal de remessa para conserto;v_return_issue_template;rótulo rich text;não;removida;visual;;;todos;flow disparado: EY: Shipment for Repair (específico do item, published, 1 execuções);;
f228b1371b743910a530426fe54bcbcd;Remessa para Troca em Garantia;conversacional;Solicitar nota fiscal de remessa para troca em garantia;v_attached_template_guarantee;rótulo rich text;não;removida;visual;;;todos;flow disparado: EY: Shipment for Warranty Exchange (específico do item, published, 0 execuções);;
05c76e3f1bb83910a530426fe54bcb71;Resíduos;conversacional;Solicitar nota fiscal de venda ou doação de resíduos;v_template_other_outputs;rótulo rich text;não;removida;visual;;;todos;flow disparado: EY: Waste (específico do item, published, 0 execuções);;
8ac6d2bf1b383910a530426fe54bcb4e;Retorno Comodato/Locação;conversacional;Solicitar nota fiscal de retorno de comodato ou locação;v_attached_template_return;rótulo rich text;não;removida;visual;;;todos;flow disparado: EY: Lending return/Lease (específico do item, published, 0 execuções);;
247c37d53be81610924d0247f4e45af9;Serviço de transporte para ir ao trabalho;conversacional;Solicitar transporte para o trabalho;FAQs;rótulo rich text;não;removida;sem_uso_conversa;;;todos;flow disparado: EY: Serviço de Transporte para ir ao trabalho (específico do item, published, 0 execuções);;
65fcbbf71b6961d0d1abda4ce54bcbb1;Sindicato;conversacional;Solicitações de sindicatos;v_cont_start;início container;não;removida;visual;;;todos;flow disparado: EY: Syndicate (específico do item, published, 0 execuções);;
66ac57671b98e9d0a530426fe54bcbcd;Sobre Aviso;conversacional;Registrar sobreaviso;v_template;rótulo rich text;não;removida;visual;;;todos;flow disparado: EY: About Notice (específico do item, published, 0 execuções);;
4aacc9fa1be90a50a530426fe54bcb0f;Solicitação de 2ª via de crachá;conversacional;Solicitar 2ª via de crachá;text_solicitar_cordao;rótulo rich text;não;removida;visual;;;todos;flow disparado: EY: Solicitação de 2ª via de crachá (específico do item, published, 2 execuções);;
4aacc9fa1be90a50a530426fe54bcb0f;Solicitação de 2ª via de crachá;conversacional;Solicitar 2ª via de crachá;photo_instructions;rótulo rich text;não;removida;visual;;;todos;flow disparado: EY: Solicitação de 2ª via de crachá (específico do item, published, 2 execuções);;
4aacc9fa1be90a50a530426fe54bcb0f;Solicitação de 2ª via de crachá;conversacional;Solicitar 2ª via de crachá;police_report_will_analyzed;rótulo;não;removida;visual;;;todos;flow disparado: EY: Solicitação de 2ª via de crachá (específico do item, published, 2 execuções);;
8dc994c41b1cda10514cbaef4b4bcb44;Solicitação de acesso aos sistemas de RH;conversacional;Solicitar acesso a sistema de RH;v_faq;rótulo rich text;não;removida;visual;;;todos;flow disparado: EY: HR Systems Access Request (específico do item, published, 1 execuções);;
8dc994c41b1cda10514cbaef4b4bcb44;Solicitação de acesso aos sistemas de RH;conversacional;Solicitar acesso a sistema de RH;v_minimun_characters;rótulo rich text;não;removida;visual;;;todos;flow disparado: EY: HR Systems Access Request (específico do item, published, 1 execuções);;
057cb47a1b6fb010d1abda4ce54bcb2d;Solicitação de Acordo do Saldo Devedor;conversacional;Negociar saldo devedor após afastamento;msg_container_personal_info;início container;não;removida;visual;;;todos;"flow disparado: ACN: General e-Signature into Documents (específico do item, published, 0 execuções)
flow disparado: ACN: Debit Balance Agreement Request (específico do item, published, inativo, 0 execuções)
flow disparado: EY: DBAR e-Signature into Documents (específico do item, published, 0 execuções)
flow disparado: EY: Saldo Devedor (novo) (específico do item, published, 1 execuções)
flow disparado: EY: Debit Balance Agreement Request (específico do item, published, inativo, 0 execuções)
flow disparado: Copy of ACN: Debit Balance Agreement Request (específico do item, published, inativo, 0 execuções)";;
55d956d71b3711d4a530426fe54bcb29;Solicitação de Adiantamento e Complemento Previdenciário;conversacional;Solicitar adiantamento ou complemento do INSS durante afastamento;container_start;início container;não;removida;visual;;;todos;flow disparado: EY: Request for Advance and Pension Supplement (específico do item, published, 4 execuções);;
55d956d71b3711d4a530426fe54bcb29;Solicitação de Adiantamento e Complemento Previdenciário;conversacional;Solicitar adiantamento ou complemento do INSS durante afastamento;formatter;fim container;não;removida;visual;;;todos;flow disparado: EY: Request for Advance and Pension Supplement (específico do item, published, 4 execuções);;
55d956d71b3711d4a530426fe54bcb29;Solicitação de Adiantamento e Complemento Previdenciário;conversacional;Solicitar adiantamento ou complemento do INSS durante afastamento;v_text_attach;rótulo rich text;não;substituída;substituida_por;nova_carta_concessao_inss;Envie a carta de concessão e o comunicado de decisão do INSS.;todos;flow disparado: EY: Request for Advance and Pension Supplement (específico do item, published, 4 execuções);;
55d956d71b3711d4a530426fe54bcb29;Solicitação de Adiantamento e Complemento Previdenciário;conversacional;Solicitar adiantamento ou complemento do INSS durante afastamento;v_formulario_adiantamento_salario_afastamento;rótulo rich text;não;removida;texto_movido_descricao;;;todos;flow disparado: EY: Request for Advance and Pension Supplement (específico do item, published, 4 execuções);;
55d956d71b3711d4a530426fe54bcb29;Solicitação de Adiantamento e Complemento Previdenciário;conversacional;Solicitar adiantamento ou complemento do INSS durante afastamento;v_observation_expertise_this_month;rótulo rich text;não;removida;texto_movido_descricao;;;todos;flow disparado: EY: Request for Advance and Pension Supplement (específico do item, published, 4 execuções);;
117393421b605a10514cbaef4b4bcba5;Solicitação de apólice de seguro / seguro de vida;conversacional;Aderir ou alterar seguro de vida;FAQs;rótulo rich text;não;removida;visual;;;todos;flow disparado: EY: Application for Insurance Policy / Life Insurance (específico do item, published, 0 execuções);;
117393421b605a10514cbaef4b4bcba5;Solicitação de apólice de seguro / seguro de vida;conversacional;Aderir ou alterar seguro de vida;v_legend_two_arg_avon;rótulo rich text;não;removida;visual;;;todos;flow disparado: EY: Application for Insurance Policy / Life Insurance (específico do item, published, 0 execuções);;
117393421b605a10514cbaef4b4bcba5;Solicitação de apólice de seguro / seguro de vida;conversacional;Aderir ou alterar seguro de vida;v_legend_two_arg_new;rótulo rich text;não;removida;visual;;;todos;flow disparado: EY: Application for Insurance Policy / Life Insurance (específico do item, published, 0 execuções);;
117393421b605a10514cbaef4b4bcba5;Solicitação de apólice de seguro / seguro de vida;conversacional;Aderir ou alterar seguro de vida;v_legent_two_peru;rótulo rich text;não;removida;visual;;;todos;flow disparado: EY: Application for Insurance Policy / Life Insurance (específico do item, published, 0 execuções);;
117393421b605a10514cbaef4b4bcba5;Solicitação de apólice de seguro / seguro de vida;conversacional;Aderir ou alterar seguro de vida;v_legent_two_chile;rótulo rich text;não;removida;visual;;;todos;flow disparado: EY: Application for Insurance Policy / Life Insurance (específico do item, published, 0 execuções);;
117393421b605a10514cbaef4b4bcba5;Solicitação de apólice de seguro / seguro de vida;conversacional;Aderir ou alterar seguro de vida;v_legend_document;rótulo rich text;não;removida;visual;;;todos;flow disparado: EY: Application for Insurance Policy / Life Insurance (específico do item, published, 0 execuções);;
31ca83d11b3b1d14a530426fe54bcbbb;Solicitação de Baixa de Titulo e Abertura de Débito;dividido;"Solicitar baixa de títulos
Solicitar abertura de débito";v_template;rótulo rich text;não;removida;texto_movido_descricao;;;todos;flow disparado: EY: Request title write-off (específico do item, published, 11 execuções);;
31ca83d11b3b1d14a530426fe54bcbbb;Solicitação de Baixa de Titulo e Abertura de Débito;dividido;"Solicitar baixa de títulos
Solicitar abertura de débito";v_template_multa;rótulo rich text;não;removida;texto_movido_descricao;;;todos;flow disparado: EY: Request title write-off (específico do item, published, 11 execuções);;
31ca83d11b3b1d14a530426fe54bcbbb;Solicitação de Baixa de Titulo e Abertura de Débito;dividido;"Solicitar baixa de títulos
Solicitar abertura de débito";v_template_debito;rótulo rich text;não;removida;texto_movido_descricao;;;todos;flow disparado: EY: Request title write-off (específico do item, published, 11 execuções);;
64e980ff1bc37c10a530426fe54bcbf3;Solicitação de cadastro de pensão alimentícia;conversacional;Cadastrar pensão alimentícia;attach_letter;rótulo rich text;não;removida;visual;;;todos;flow disparado: ACN: Alimony Registration (específico do item, published, 1 execuções);;
5c8fbbfe1b754e90d1abda4ce54bcba5;Solicitação de compras descentralizadas;dividido;"Solicitar requisição de compra descentralizada (PR ou CW)
Solicitar criação e aceite de folha de serviço (compra descentralizada)";v_faq_about_process;rótulo rich text;não;removida;visual;;;todos;"flow disparado: EY: Request for decentralized purchases (específico do item, draft, inativo, 0 execuções)
flow disparado: EY: Fill HUB Records (específico do item, published, 0 execuções)
flow disparado: EY: Request for decentralized purchases - Creation and Acceptance of Service Sheet (específico do item, published, 40 execuções)
flow disparado: EY: Request for decentralized purchases - PR creation (específico do item, draft, inativo, 0 execuções)
flow disparado: EY: Request for decentralized purchases - PR creation - Part 1 (específico do item, published, 39 execuções)
flow disparado: EY: Request for decentralized purchases - PR creation (específico do item, published, 0 execuções)";;
5c8fbbfe1b754e90d1abda4ce54bcba5;Solicitação de compras descentralizadas;dividido;"Solicitar requisição de compra descentralizada (PR ou CW)
Solicitar criação e aceite de folha de serviço (compra descentralizada)";v_info_exclusively_decentralized_purchases;rótulo rich text;não;removida;visual;;;todos;"flow disparado: EY: Request for decentralized purchases (específico do item, draft, inativo, 0 execuções)
flow disparado: EY: Fill HUB Records (específico do item, published, 0 execuções)
flow disparado: EY: Request for decentralized purchases - Creation and Acceptance of Service Sheet (específico do item, published, 40 execuções)
flow disparado: EY: Request for decentralized purchases - PR creation (específico do item, draft, inativo, 0 execuções)
flow disparado: EY: Request for decentralized purchases - PR creation - Part 1 (específico do item, published, 39 execuções)
flow disparado: EY: Request for decentralized purchases - PR creation (específico do item, published, 0 execuções)";;
5c8fbbfe1b754e90d1abda4ce54bcba5;Solicitação de compras descentralizadas;dividido;"Solicitar requisição de compra descentralizada (PR ou CW)
Solicitar criação e aceite de folha de serviço (compra descentralizada)";v_term_responsibility_contracting;rótulo rich text;não;removida;visual;;;todos;"flow disparado: EY: Request for decentralized purchases (específico do item, draft, inativo, 0 execuções)
flow disparado: EY: Fill HUB Records (específico do item, published, 0 execuções)
flow disparado: EY: Request for decentralized purchases - Creation and Acceptance of Service Sheet (específico do item, published, 40 execuções)
flow disparado: EY: Request for decentralized purchases - PR creation (específico do item, draft, inativo, 0 execuções)
flow disparado: EY: Request for decentralized purchases - PR creation - Part 1 (específico do item, published, 39 execuções)
flow disparado: EY: Request for decentralized purchases - PR creation (específico do item, published, 0 execuções)";;
5c8fbbfe1b754e90d1abda4ce54bcba5;Solicitação de compras descentralizadas;dividido;"Solicitar requisição de compra descentralizada (PR ou CW)
Solicitar criação e aceite de folha de serviço (compra descentralizada)";v_download_template;rótulo rich text;não;removida;visual;;;todos;"flow disparado: EY: Request for decentralized purchases (específico do item, draft, inativo, 0 execuções)
flow disparado: EY: Fill HUB Records (específico do item, published, 0 execuções)
flow disparado: EY: Request for decentralized purchases - Creation and Acceptance of Service Sheet (específico do item, published, 40 execuções)
flow disparado: EY: Request for decentralized purchases - PR creation (específico do item, draft, inativo, 0 execuções)
flow disparado: EY: Request for decentralized purchases - PR creation - Part 1 (específico do item, published, 39 execuções)
flow disparado: EY: Request for decentralized purchases - PR creation (específico do item, published, 0 execuções)";;
3ac2b8cc1bbbb010a530426fe54bcbe6;Solicitação de declaração;conversacional;Solicitar declaração ao RH;type_need;início container;não;removida;visual;;;todos;"flow disparado: Copy of ACN: Issuance of declarations (específico do item, published, 5 execuções)
flow disparado: ACN: Issuance of declarations (específico do item, published, inativo, 0 execuções)";;
3ac2b8cc1bbbb010a530426fe54bcbe6;Solicitação de declaração;conversacional;Solicitar declaração ao RH;formatter2;rótulo;não;removida;visual;;;todos;"flow disparado: Copy of ACN: Issuance of declarations (específico do item, published, 5 execuções)
flow disparado: ACN: Issuance of declarations (específico do item, published, inativo, 0 execuções)";;
f7bc58b88741ba10ec360e530cbb3572;Solicitação de Exceção para Payment Run;conversacional;Incluir ou excluir fornecedor da exceção do Payment Run;attach_approval_label;rótulo rich text;não;removida;visual;;;todos;"flow disparado: EY PTP - Update case to active SLA conditions  (genérico, published, 17 execuções)
flow disparado: EY: Close OLA task (genérico, published, 14 execuções)";;
26f745881b806dd4a530426fe54bcbb2;Solicitação de Exclusão da Aprovação;conversacional;Excluir ajuste aprovado indevidamente no ponto;formatter;fim container;não;removida;visual;;;todos;flow disparado: EY: Approval Exclusion Request (específico do item, published, 0 execuções);;
56bb98421b709290514cbaef4b4bcb82;Solicitação de Outros Reembolsos de Saúde;conversacional;Pedir outros reembolsos de saúde;v_message_refund;rótulo rich text;não;removida;visual;;;todos;flow disparado: EY: Request for other health refunds (específico do item, published, 3 execuções);;
56bb98421b709290514cbaef4b4bcb82;Solicitação de Outros Reembolsos de Saúde;conversacional;Pedir outros reembolsos de saúde;v_message_attach;rótulo rich text;não;removida;visual;;;todos;flow disparado: EY: Request for other health refunds (específico do item, published, 3 execuções);;
d6e0b54a1bd0e950a530426fe54bcbca;Solicitação de Pagamento Sindical (taxas e boletos);dividido;"Pagar boleto ou taxa sindical
Solicitar autorização sindical para domingos e feriados";legenda_attention;rótulo rich text;não;removida;visual;;;todos;flow disparado: EY: Union Payment Request (fees and slips) (específico do item, published, 3 execuções);;
7fd2d33987beb214ec360e530cbb35cf;Solicitação de Pagamento Via SPR;conversacional;Solicitar pagamento via SPR (formulário Global SPR);v_info_about_spr;rótulo;não;removida;texto_movido_descricao;;;todos;"flow disparado: EY PTP - Update case to active SLA conditions  (genérico, published, 17 execuções)
flow disparado: EY: Close OLA task (genérico, published, 14 execuções)";;
7fd2d33987beb214ec360e530cbb35cf;Solicitação de Pagamento Via SPR;conversacional;Solicitar pagamento via SPR (formulário Global SPR);v_form_template;rótulo rich text;não;removida;texto_movido_descricao;;;todos;"flow disparado: EY PTP - Update case to active SLA conditions  (genérico, published, 17 execuções)
flow disparado: EY: Close OLA task (genérico, published, 14 execuções)";;
bf029e5e1ba2b810a530426fe54bcb4b;Solicitação de Vale Transporte Extra;conversacional;Solicitar vale-transporte extra;attach_template_employee_information;rótulo rich text;não;substituída;substituida_por;nova_anexo_dados_colaborador;Envie a planilha com os dados do colaborador (modelo no link da descrição).;todos;flow disparado: EY: Request for Extra Transport Voucher (específico do item, published, 0 execuções);;
bf029e5e1ba2b810a530426fe54bcb4b;Solicitação de Vale Transporte Extra;conversacional;Solicitar vale-transporte extra;text_commitment_term;rótulo rich text;não;removida;visual;;;todos;flow disparado: EY: Request for Extra Transport Voucher (específico do item, published, 0 execuções);;
73bfff2d1b37d154d1abda4ce54bcb1d;Solicitação ou Desistência de Vaga no Berçário;dividido;"Solicitar vaga no berçário
Desistir da vaga no berçário";v_vacancy_request_or_withdrawal;início container;não;removida;visual;;;todos;flow disparado: EY: Vacancy Request or Withdrawal (específico do item, published, 3 execuções);;
73bfff2d1b37d154d1abda4ce54bcb1d;Solicitação ou Desistência de Vaga no Berçário;dividido;"Solicitar vaga no berçário
Desistir da vaga no berçário";v_eligibility_for;rótulo rich text;não;removida;visual;;;todos;flow disparado: EY: Vacancy Request or Withdrawal (específico do item, published, 3 execuções);;
73bfff2d1b37d154d1abda4ce54bcb1d;Solicitação ou Desistência de Vaga no Berçário;dividido;"Solicitar vaga no berçário
Desistir da vaga no berçário";v_label_wk;rótulo rich text;não;removida;visual;;;todos;flow disparado: EY: Vacancy Request or Withdrawal (específico do item, published, 3 execuções);;
4b499a951b84a558a530426fe54bcb84;Solicitação para tratativa de pagamentos Varejo;conversacional;Solicitar pagamento do varejo (lojas);v_label_payment;início container;não;removida;visual;;;todos;flow disparado: EY: Request for handling Retail payments (específico do item, published, 2 execuções);;
4b499a951b84a558a530426fe54bcb84;Solicitação para tratativa de pagamentos Varejo;conversacional;Solicitar pagamento do varejo (lojas);formatter2;fim container;não;removida;visual;;;todos;flow disparado: EY: Request for handling Retail payments (específico do item, published, 2 execuções);;
4b499a951b84a558a530426fe54bcb84;Solicitação para tratativa de pagamentos Varejo;conversacional;Solicitar pagamento do varejo (lojas);v_bank_details;início container;não;removida;visual;;;todos;flow disparado: EY: Request for handling Retail payments (específico do item, published, 2 execuções);;
4b499a951b84a558a530426fe54bcb84;Solicitação para tratativa de pagamentos Varejo;conversacional;Solicitar pagamento do varejo (lojas);formatter;fim container;não;removida;visual;;;todos;flow disparado: EY: Request for handling Retail payments (específico do item, published, 2 execuções);;
b3f428323b801610924d0247f4e45aa2;Solicitações de pagamento antecipado;conversacional;Solicitar adiantamento salarial (Chile);v_request_50;rótulo rich text;não;removida;sem_uso_conversa;;;todos;flow disparado: EY: Advance Payment Requests (específico do item, published, 0 execuções);;
b3f428323b801610924d0247f4e45aa2;Solicitações de pagamento antecipado;conversacional;Solicitar adiantamento salarial (Chile);v_request_20;rótulo rich text;não;removida;sem_uso_conversa;;;todos;flow disparado: EY: Advance Payment Requests (específico do item, published, 0 execuções);;
b3f428323b801610924d0247f4e45aa2;Solicitações de pagamento antecipado;conversacional;Solicitar adiantamento salarial (Chile);v_cancel_advance_payment;rótulo rich text;não;removida;sem_uso_conversa;;;todos;flow disparado: EY: Advance Payment Requests (específico do item, published, 0 execuções);;
b3f428323b801610924d0247f4e45aa2;Solicitações de pagamento antecipado;conversacional;Solicitar adiantamento salarial (Chile);v_once_advance_payment;rótulo rich text;não;removida;sem_uso_conversa;;;todos;flow disparado: EY: Advance Payment Requests (específico do item, published, 0 execuções);;
b184d8c03b989e10924d0247f4e45a6a;Solicitações de relatório;conversacional;Solicitar relatório de RH (América Hispânica);v_minimun_characters;rótulo rich text;não;removida;visual;;;todos;flow disparado: EY: Report Requests Hispana (específico do item, published, 6 execuções);;
139bc59d1b44a558d1abda4ce54bcbef;Solicitações Diversas sobre Encargos (Jurídico);conversacional;Solicitar informações de encargos para processos trabalhistas;v_cont_start_legal;início container;não;removida;visual;;;todos;flow disparado: EY: Miscellaneous Requests on Charges (Legal) (específico do item, published, 1 execuções);;
9b4f69b31b851250514cbaef4b4bcb0f;Solicitar cadastro de novo CNPJ/Estabelecimento (Especifico para HRBPs e RT);conversacional;Solicitar cadastro de novo CNPJ ou estabelecimento;v_label_fill_request;rótulo rich text;não;removida;visual;;;todos;flow disparado: EY: Request registration of a new CNPJ/Establishment (Specific to HRBPs and RTs) (específico do item, published, 0 execuções);;
dad4109c1b9c691ca530426fe54bcb24;Solicitar cadastro e reativação de app de Táxi e Viagens Corporativas;conversacional;Cadastrar ou reativar acesso ao app de táxi e viagens corporativas;v_label_if_you_have_questions;rótulo rich text;não;removida;visual;;;todos;"flow disparado: EY: Request registration and reactivation of Taxi and Corporative Travel app v2 (específico do item, published, 0 execuções)
flow disparado: Copy of EY: Request registration and reactivation of Taxi and Corporative Travel app (específico do item, published, 0 execuções)
flow disparado: EY: Request registration and reactivation of Taxi and Corporative Travel app (específico do item, published, inativo, 0 execuções)";;
dad4109c1b9c691ca530426fe54bcb24;Solicitar cadastro e reativação de app de Táxi e Viagens Corporativas;conversacional;Cadastrar ou reativar acesso ao app de táxi e viagens corporativas;v_container_request_registration_and_reactivation;início container;não;removida;visual;;;todos;"flow disparado: EY: Request registration and reactivation of Taxi and Corporative Travel app v2 (específico do item, published, 0 execuções)
flow disparado: Copy of EY: Request registration and reactivation of Taxi and Corporative Travel app (específico do item, published, 0 execuções)
flow disparado: EY: Request registration and reactivation of Taxi and Corporative Travel app (específico do item, published, inativo, 0 execuções)";;
f12b20081b482dd4a530426fe54bcb40;Solicitar Cancelamento de Férias Programadas;conversacional;Cancelar férias programadas no ADP;v_attach_vacation;rótulo rich text;não;removida;visual;;;todos;flow disparado: EY: Cancellation of Scheduled Vacations (específico do item, published, 2 execuções);;
fd1dee9d1bffd914a530426fe54bcb34;Solicitar criação de nota de crédito;conversacional;Solicitar criação de nota de crédito;v_template_brasil;rótulo rich text;não;removida;visual;;;todos;"flow disparado: EY: OTC - Update case to active SLA conditions (genérico, published, 4 execuções)
flow disparado: EY: Treat reopened case (genérico, published, 5 execuções)
flow disparado: EY: Close OLA task (genérico, published, 4 execuções)";;
fd1dee9d1bffd914a530426fe54bcb34;Solicitar criação de nota de crédito;conversacional;Solicitar criação de nota de crédito;v_template_hispana;rótulo rich text;não;removida;visual;;;todos;"flow disparado: EY: OTC - Update case to active SLA conditions (genérico, published, 4 execuções)
flow disparado: EY: Treat reopened case (genérico, published, 5 execuções)
flow disparado: EY: Close OLA task (genérico, published, 4 execuções)";;
c15bef711bdde110a530426fe54bcbc0;Solicitar criação de pagamento manual e ITP;conversacional;Solicitar pagamento manual ou ITP (taxas e juros);v_download_template;rótulo rich text;não;removida;visual;;;todos;"flow disparado: EY: Request manual payment creation (específico do item, published, 37 execuções)
flow disparado: Desativado EY: Request manual payment creation (específico do item, draft, inativo, 0 execuções)";;
daebc4ad3b001290924d0247f4e45a0c;Solicitar pagamento de Aluguel e Condomínio Varejo							;conversacional;Pagar aluguel, condomínio ou conta de consumo de loja;v_label_others_store;rótulo rich text;não;removida;texto_movido_descricao;;;todos;flow disparado: EY: Request payment for Rent and Retail Condominium (específico do item, published, 5 execuções);;
daebc4ad3b001290924d0247f4e45a0c;Solicitar pagamento de Aluguel e Condomínio Varejo							;conversacional;Pagar aluguel, condomínio ou conta de consumo de loja;v_others_cnpj;rótulo rich text;não;removida;visual;;;todos;flow disparado: EY: Request payment for Rent and Retail Condominium (específico do item, published, 5 execuções);;
daebc4ad3b001290924d0247f4e45a0c;Solicitar pagamento de Aluguel e Condomínio Varejo							;conversacional;Pagar aluguel, condomínio ou conta de consumo de loja;v_allowed_format;rótulo rich text;não;removida;texto_movido_descricao;;;todos;flow disparado: EY: Request payment for Rent and Retail Condominium (específico do item, published, 5 execuções);;
39901cd21b8c6598a530426fe54bcb72;Solicitar reembolso de nota de crédito	;conversacional;Solicitar reembolso de nota de crédito;v_refunds_info;rótulo;não;removida;texto_movido_descricao;;;todos;flow disparado: EY: Request credit note refund (específico do item, published, 1 execuções);;
39901cd21b8c6598a530426fe54bcb72;Solicitar reembolso de nota de crédito	;conversacional;Solicitar reembolso de nota de crédito;v_attach_info;rótulo;não;removida;visual;;;todos;flow disparado: EY: Request credit note refund (específico do item, published, 1 execuções);;
44b5349e1b13b010a530426fe54bcbf7;Solicitar Rescisão Complementar;conversacional;Solicitar rescisão complementar para ex-colaborador;request_here;início container;não;removida;visual;;;todos;flow disparado: ACN: Request Complementary Termination (específico do item, published, 1 execuções);;
44b5349e1b13b010a530426fe54bcbf7;Solicitar Rescisão Complementar;conversacional;Solicitar rescisão complementar para ex-colaborador;formatter;fim container;não;removida;visual;;;todos;flow disparado: ACN: Request Complementary Termination (específico do item, published, 1 execuções);;
44b5349e1b13b010a530426fe54bcbf7;Solicitar Rescisão Complementar;conversacional;Solicitar rescisão complementar para ex-colaborador;info;rótulo rich text;não;removida;visual;;;todos;flow disparado: ACN: Request Complementary Termination (específico do item, published, 1 execuções);;
44b5349e1b13b010a530426fe54bcbf7;Solicitar Rescisão Complementar;conversacional;Solicitar rescisão complementar para ex-colaborador;termination_template;rótulo rich text;não;removida;visual;;;todos;flow disparado: ACN: Request Complementary Termination (específico do item, published, 1 execuções);;
58c52cfc3b7c5290924d0247f4e45a3d;Solicitar troca de escala coletiva;conversacional;Solicitar troca coletiva de escala (feriado por dia trabalhado);personal_information;rótulo rich text;não;removida;visual;;;todos;flow disparado: EY: Solicitar troca de escala coletiva (específico do item, published, 0 execuções);;
58c52cfc3b7c5290924d0247f4e45a3d;Solicitar troca de escala coletiva;conversacional;Solicitar troca coletiva de escala (feriado por dia trabalhado);container_start;início container;não;removida;visual;;;todos;flow disparado: EY: Solicitar troca de escala coletiva (específico do item, published, 0 execuções);;
58c52cfc3b7c5290924d0247f4e45a3d;Solicitar troca de escala coletiva;conversacional;Solicitar troca coletiva de escala (feriado por dia trabalhado);eligible_shifts_for_collective_schedule_change;rótulo;não;removida;visual;;;todos;flow disparado: EY: Solicitar troca de escala coletiva (específico do item, published, 0 execuções);;
58c52cfc3b7c5290924d0247f4e45a3d;Solicitar troca de escala coletiva;conversacional;Solicitar troca coletiva de escala (feriado por dia trabalhado);formatter;fim container;não;removida;visual;;;todos;flow disparado: EY: Solicitar troca de escala coletiva (específico do item, published, 0 execuções);;
58c52cfc3b7c5290924d0247f4e45a3d;Solicitar troca de escala coletiva;conversacional;Solicitar troca coletiva de escala (feriado por dia trabalhado);v_text;rótulo rich text;não;removida;texto_movido_descricao;;;todos;flow disparado: EY: Solicitar troca de escala coletiva (específico do item, published, 0 execuções);;
96a7a46c1ba161d0a530426fe54bcb01;Transferência de Ativos e Dados Cadastrais;dividido;"Alterar centro de custo ou dados cadastrais de ativo imobilizado
Transferir ativo imobilizado entre filiais ou em comodato";v_link_template_1;rótulo rich text;não;removida;visual;;;todos;flow disparado: EY: RTR - Transferência de Ativos e dados cadastrais (específico do item, published, 6 execuções);;
96a7a46c1ba161d0a530426fe54bcb01;Transferência de Ativos e Dados Cadastrais;dividido;"Alterar centro de custo ou dados cadastrais de ativo imobilizado
Transferir ativo imobilizado entre filiais ou em comodato";v_link_template_2;rótulo rich text;não;removida;visual;;;todos;flow disparado: EY: RTR - Transferência de Ativos e dados cadastrais (específico do item, published, 6 execuções);;
96a7a46c1ba161d0a530426fe54bcb01;Transferência de Ativos e Dados Cadastrais;dividido;"Alterar centro de custo ou dados cadastrais de ativo imobilizado
Transferir ativo imobilizado entre filiais ou em comodato";v_link_template_3;rótulo rich text;não;removida;visual;;;todos;flow disparado: EY: RTR - Transferência de Ativos e dados cadastrais (específico do item, published, 6 execuções);;
96a7a46c1ba161d0a530426fe54bcb01;Transferência de Ativos e Dados Cadastrais;dividido;"Alterar centro de custo ou dados cadastrais de ativo imobilizado
Transferir ativo imobilizado entre filiais ou em comodato";v_link_template_4;rótulo rich text;não;removida;visual;;;todos;flow disparado: EY: RTR - Transferência de Ativos e dados cadastrais (específico do item, published, 6 execuções);;
96a7a46c1ba161d0a530426fe54bcb01;Transferência de Ativos e Dados Cadastrais;dividido;"Alterar centro de custo ou dados cadastrais de ativo imobilizado
Transferir ativo imobilizado entre filiais ou em comodato";v_link_template_5;rótulo rich text;não;removida;visual;;;todos;flow disparado: EY: RTR - Transferência de Ativos e dados cadastrais (específico do item, published, 6 execuções);;
96a7a46c1ba161d0a530426fe54bcb01;Transferência de Ativos e Dados Cadastrais;dividido;"Alterar centro de custo ou dados cadastrais de ativo imobilizado
Transferir ativo imobilizado entre filiais ou em comodato";v_link_template_6;rótulo rich text;não;removida;visual;;;todos;flow disparado: EY: RTR - Transferência de Ativos e dados cadastrais (específico do item, published, 6 execuções);;
b81351591b08a558d1abda4ce54bcbdd;Tratamento e Regularização das Contas de FGTS;conversacional;Corrigir dados ou unificar contas do FGTS;v_text_checkbox;rótulo;não;removida;sem_uso_conversa;;;todos;flow disparado: EY: Treatment and Regularization of FGTS Accounts (específico do item, published, 0 execuções);;
b81351591b08a558d1abda4ce54bcbdd;Tratamento e Regularização das Contas de FGTS;conversacional;Corrigir dados ou unificar contas do FGTS;v_text_fgts;rótulo rich text;não;removida;texto_movido_descricao;;;todos;flow disparado: EY: Treatment and Regularization of FGTS Accounts (específico do item, published, 0 execuções);;
0d5a7420874f3a10017d65790cbb354e;Treinamentos Normativos;dividido;"Mapear treinamento normativo (NR) para colaborador
Desmapear treinamento normativo (NR) de colaborador
Solicitar relatório ou certificado de treinamento normativo (NR)";label_training;rótulo rich text;não;removida;visual;;;todos;"flow disparado: EY: Portal Notification - Escalation (genérico, published, 0 execuções)
flow disparado: ACN: Notifications for Effective Calendar (genérico, published, 23 execuções)
flow disparado: EY: Reopen Flow HTR (genérico, published, 47 execuções)
flow disparado: EY: Close OLA task - Hispanic (genérico, published, 0 execuções)
flow disparado: EY: HTR - Update case to active SLA conditions (genérico, published, 17 execuções)
flow disparado: ACN: Contract Termination (genérico, published, inativo, 0 execuções)
flow disparado: EY: Close OLA task (genérico, published, 4 execuções)
flow disparado: EY: Portal Portal Notification Hispanic - Opening (genérico, published, 4 execuções)
flow disparado: EY: Reopen Flow PTP - Consulta de Fornecedores (genérico, draft, inativo, 0 execuções)";;
0d5a7420874f3a10017d65790cbb354e;Treinamentos Normativos;dividido;"Mapear treinamento normativo (NR) para colaborador
Desmapear treinamento normativo (NR) de colaborador
Solicitar relatório ou certificado de treinamento normativo (NR)";label_training_2;rótulo rich text;não;removida;visual;;;todos;"flow disparado: EY: Portal Notification - Escalation (genérico, published, 0 execuções)
flow disparado: ACN: Notifications for Effective Calendar (genérico, published, 23 execuções)
flow disparado: EY: Reopen Flow HTR (genérico, published, 47 execuções)
flow disparado: EY: Close OLA task - Hispanic (genérico, published, 0 execuções)
flow disparado: EY: HTR - Update case to active SLA conditions (genérico, published, 17 execuções)
flow disparado: ACN: Contract Termination (genérico, published, inativo, 0 execuções)
flow disparado: EY: Close OLA task (genérico, published, 4 execuções)
flow disparado: EY: Portal Portal Notification Hispanic - Opening (genérico, published, 4 execuções)
flow disparado: EY: Reopen Flow PTP - Consulta de Fornecedores (genérico, draft, inativo, 0 execuções)";;
0d5a7420874f3a10017d65790cbb354e;Treinamentos Normativos;dividido;"Mapear treinamento normativo (NR) para colaborador
Desmapear treinamento normativo (NR) de colaborador
Solicitar relatório ou certificado de treinamento normativo (NR)";label_training_3;rótulo rich text;não;removida;visual;;;todos;"flow disparado: EY: Portal Notification - Escalation (genérico, published, 0 execuções)
flow disparado: ACN: Notifications for Effective Calendar (genérico, published, 23 execuções)
flow disparado: EY: Reopen Flow HTR (genérico, published, 47 execuções)
flow disparado: EY: Close OLA task - Hispanic (genérico, published, 0 execuções)
flow disparado: EY: HTR - Update case to active SLA conditions (genérico, published, 17 execuções)
flow disparado: ACN: Contract Termination (genérico, published, inativo, 0 execuções)
flow disparado: EY: Close OLA task (genérico, published, 4 execuções)
flow disparado: EY: Portal Portal Notification Hispanic - Opening (genérico, published, 4 execuções)
flow disparado: EY: Reopen Flow PTP - Consulta de Fornecedores (genérico, draft, inativo, 0 execuções)";;
